cgroup_id,pid,cpu,read_hits,read_misses,read_references,write_hits,write_misses,write_references,prefetch_hits,prefetch_misses,prefetch_references,total_hits,total_misses,total_references
18307,11055,0,3,0,3,4,0,4,0,0,0,7,0,0
18307,11055,0,3,0,3,4,0,4,0,0,0,7,0,0
18307,11055,0,4,0,4,4,0,4,0,0,0,8,0,0
18307,11055,0,4,0,4,4,0,4,0,0,0,8,0,0
18307,11055,0,4,0,4,5,0,5,0,0,0,9,0,0
18307,11055,0,4,0,4,5,0,5,0,0,0,9,0,0
18307,11055,0,4,0,4,5,0,5,0,0,0,9,0,0
18307,11055,0,4,0,4,5,0,5,0,0,0,9,0,0
18307,11055,0,4,0,4,5,0,5,0,0,0,9,0,0
18307,11055,0,4,0,4,5,0,5,0,0,0,9,0,0
18307,11055,0,4,0,4,5,0,5,0,0,0,9,0,0
18307,11055,0,4,0,4,5,0,5,0,0,0,9,0,0
18307,11055,0,4,0,4,5,0,5,0,0,0,9,0,0
18307,11055,0,4,0,4,5,0,5,0,0,0,9,0,0
18307,11055,0,4,0,4,5,0,5,0,0,0,9,0,0
18307,11055,0,4,0,4,5,0,5,0,0,0,9,0,0
18307,11055,0,4,0,4,5,0,5,0,0,0,9,0,0
18307,11055,0,4,0,4,5,0,5,0,0,0,9,0,0
18307,11055,0,4,0,4,5,0,5,0,0,0,9,0,0
18307,11055,0,4,0,4,5,0,5,0,0,0,9,0,0
18307,11055,0,4,0,4,5,0,5,0,0,0,9,0,0
18307,11055,0,4,0,4,5,0,5,0,0,0,9,0,0
18307,11055,0,4,0,4,6,0,6,0,0,0,10,0,0
18307,11055,0,4,0,4,6,0,6,0,0,0,10,0,0
18307,11055,0,4,0,4,6,0,6,0,0,0,10,0,0
18307,11055,0,4,0,4,6,0,6,0,0,0,10,0,0
18307,11055,0,4,0,4,6,0,6,0,0,0,10,0,0
18307,11055,0,4,0,4,6,0,6,0,0,0,10,0,0
18307,11055,0,4,0,4,6,0,6,0,0,0,10,0,0
18307,11055,0,4,0,4,6,0,6,0,0,0,10,0,0
18307,11055,0,4,0,4,6,0,6,0,0,0,10,0,0
18307,11055,0,4,0,4,6,0,6,0,0,0,10,0,0
18307,11055,0,4,0,4,7,0,7,0,0,0,11,0,0
18307,11055,0,4,0,4,7,0,7,0,0,0,11,0,0
18307,11055,0,4,0,4,7,0,7,0,0,0,11,0,0
18307,11055,0,4,0,4,7,0,7,0,0,0,11,0,0
18307,11055,0,4,0,4,7,0,7,0,0,0,11,0,0
18307,11055,0,4,0,4,7,0,7,0,0,0,11,0,0
18307,11055,0,4,0,4,7,0,7,0,0,0,11,0,0
18307,11055,0,4,0,4,7,0,7,0,0,0,11,0,0
18307,11055,0,4,0,4,7,0,7,0,0,0,11,0,0
18307,11055,0,4,0,4,7,0,7,0,0,0,11,0,0
18307,11055,0,4,0,4,7,0,7,0,0,0,11,0,0
18307,11055,0,4,0,4,8,0,8,0,0,0,12,0,0
18307,11055,0,4,0,4,8,0,8,0,0,0,12,0,0
18307,11055,0,4,0,4,8,0,8,0,0,0,12,0,0
18307,11055,0,4,0,4,8,0,8,0,0,0,12,0,0
18307,11055,0,4,0,4,8,0,8,0,0,0,12,0,0
18307,11055,0,4,0,4,8,1,9,0,0,0,12,1,0
18307,11055,0,4,0,4,8,1,9,0,0,0,12,1,0
18307,11055,0,4,0,4,8,1,9,0,0,0,12,1,0
18307,11055,0,4,0,4,8,1,9,0,0,0,12,1,0
18307,11055,0,4,0,4,8,1,9,0,0,0,12,1,0
18307,11055,0,4,0,4,9,1,10,0,0,0,13,1,0
18307,11055,0,4,1,5,9,1,10,0,0,0,13,2,0
18307,11055,0,4,1,5,9,1,10,0,0,0,13,2,0
18307,11055,0,4,1,5,9,1,10,0,0,0,13,2,0
18307,11055,0,4,1,5,9,2,11,0,0,0,13,3,0
18307,11055,0,4,1,5,10,2,12,0,0,0,14,3,0
18307,11055,0,4,1,5,10,2,12,0,0,0,14,3,0
18307,11055,0,4,1,5,10,2,12,0,0,0,14,3,0
18307,11055,0,4,1,5,10,2,12,0,0,0,14,3,0
18307,11055,0,4,1,5,10,2,12,0,0,0,14,3,0
18307,11055,0,4,1,5,10,2,12,0,0,0,14,3,0
18307,11055,0,4,1,5,10,2,12,0,0,0,14,3,0
18307,11055,0,4,2,6,10,2,12,0,0,0,14,4,0
18307,11055,0,4,2,6,10,2,12,0,0,0,14,4,0
18307,11055,0,4,2,6,10,3,13,0,0,0,14,5,0
18307,11055,0,5,2,7,10,3,13,0,0,0,15,5,0
18307,11055,0,5,2,7,10,3,13,0,0,0,15,5,0
18307,11055,0,5,2,7,11,3,14,0,0,0,16,5,0
18307,11055,0,5,3,8,11,3,14,0,0,0,16,6,0
18307,11055,0,5,3,8,11,3,14,0,0,0,16,6,0
18307,11055,0,5,3,8,11,3,14,0,0,0,16,6,0
18307,11055,0,5,3,8,11,3,14,0,0,0,16,6,0
18307,11055,0,5,3,8,11,3,14,0,0,0,16,6,0
18307,11055,0,5,3,8,11,3,14,0,0,0,16,6,0
18307,11055,0,6,3,9,11,3,14,0,0,0,17,6,0
18307,11055,0,6,3,9,11,3,14,0,0,0,17,6,0
18307,11055,0,6,3,9,12,3,15,0,0,0,18,6,0
18307,11055,0,6,3,9,12,3,15,0,0,0,18,6,0
18307,11055,0,6,3,9,12,3,15,0,0,0,18,6,0
18307,11055,0,6,3,9,12,3,15,0,0,0,18,6,0
18307,11055,0,6,4,10,12,4,16,0,0,0,18,8,0
18307,11055,0,6,4,10,12,4,16,0,0,0,18,8,0
18307,11055,0,6,4,10,12,4,16,0,0,0,18,8,0
18307,11055,0,6,4,10,12,4,16,0,0,0,18,8,0
18307,11055,0,6,4,10,12,4,16,0,0,0,18,8,0
18307,11055,0,7,5,12,12,4,16,0,0,0,19,9,0
18307,11055,0,7,5,12,13,4,17,0,0,0,20,9,0
18307,11055,0,7,5,12,13,4,17,0,0,0,20,9,0
18307,11055,0,7,5,12,13,4,17,0,0,0,20,9,0
18307,11055,0,7,5,12,13,4,17,0,0,0,20,9,0
18307,11055,0,7,5,12,13,5,18,0,0,0,20,10,0
18307,11055,0,7,5,12,13,5,18,0,0,0,20,10,0
18307,11055,0,8,5,13,13,5,18,0,0,0,21,10,0
18307,11055,0,8,5,13,13,5,18,0,0,0,21,10,0
18307,11055,0,8,5,13,14,5,19,0,0,0,22,10,0
18307,11055,0,8,5,13,14,5,19,0,0,0,22,10,0
18307,11055,0,8,5,13,14,5,19,0,0,0,22,10,0
18307,11055,0,8,6,14,14,5,19,0,0,0,22,11,0
18307,11055,0,8,6,14,14,5,19,0,0,0,22,11,0
18307,11055,0,8,6,14,14,5,19,0,0,0,22,11,0
18307,11055,0,8,6,14,14,5,19,0,0,0,22,11,0
18307,11055,0,8,6,14,14,5,19,0,0,0,22,11,0
18307,11055,0,8,6,14,14,5,19,0,0,0,22,11,0
18307,11055,0,8,6,14,14,6,20,0,0,0,22,12,0
18307,11055,0,9,6,15,14,6,20,0,0,0,23,12,0
18307,11055,0,9,6,15,14,6,20,0,0,0,23,12,0
18307,11055,0,9,7,16,15,6,21,0,0,0,24,13,0
18307,11055,0,9,7,16,15,6,21,0,0,0,24,13,0
18307,11055,0,9,7,16,15,6,21,0,0,0,24,13,0
18307,11055,0,9,7,16,15,7,22,0,0,0,24,14,0
18307,11055,0,9,7,16,15,7,22,0,0,0,24,14,0
18307,11055,0,9,7,16,15,7,22,0,0,0,24,14,0
18307,11055,0,9,7,16,15,8,23,0,0,0,24,15,0
18307,11055,0,9,8,17,15,8,23,0,0,0,24,16,0
18307,11055,0,10,8,18,15,8,23,0,0,0,25,16,0
18307,11055,0,10,9,19,15,8,23,0,0,0,25,17,0
18307,11055,0,10,9,19,15,8,23,0,0,0,25,17,0
18307,11055,0,10,9,19,16,8,24,0,0,0,26,17,0
18307,11055,0,10,9,19,16,8,24,0,0,0,26,17,0
18307,11055,0,10,9,19,16,8,24,0,0,0,26,17,0
18307,11055,0,10,9,19,16,8,24,0,0,0,26,17,0
18307,11055,0,10,9,19,16,8,24,0,0,0,26,17,0
18307,11055,0,11,9,20,16,8,24,0,0,0,27,17,0
18307,11055,0,11,9,20,16,8,24,0,0,0,27,17,0
18307,11055,0,11,9,20,17,8,25,0,0,0,28,17,0
18307,11055,0,11,9,20,17,8,25,0,0,0,28,17,0
18307,11055,0,11,9,20,17,8,25,0,0,0,28,17,0
18307,11055,0,11,9,20,17,8,25,0,0,0,28,17,0
18307,11055,0,12,10,22,17,8,25,0,0,0,29,18,0
18307,11055,0,12,10,22,18,8,26,0,0,0,30,18,0
18307,11055,0,12,10,22,18,8,26,0,0,0,30,18,0
18307,11055,0,12,10,22,18,8,26,0,0,0,30,18,0
18307,11055,0,12,10,22,18,8,26,0,0,0,30,18,0
18307,11055,0,12,10,22,18,8,26,0,0,0,30,18,0
18307,11055,0,12,10,22,18,8,26,0,0,0,30,18,0
18307,11055,0,13,10,23,19,8,27,0,0,0,32,18,0
18307,11055,0,13,10,23,19,8,27,0,0,0,32,18,0
18307,11055,0,13,10,23,19,8,27,0,0,0,32,18,0
18307,11055,0,13,10,23,19,8,27,0,0,0,32,18,0
18307,11055,0,13,10,23,19,8,27,0,0,0,32,18,0
18307,11055,0,13,10,23,19,8,27,0,0,0,32,18,0
18307,11055,0,13,10,23,19,8,27,0,0,0,32,18,0
18307,11055,0,13,10,23,19,9,28,0,0,0,32,19,0
18307,11055,0,13,10,23,19,10,29,0,0,0,32,20,0
18307,11055,0,13,11,24,19,11,30,0,0,0,32,22,0
18307,11055,0,13,11,24,19,11,30,0,0,0,32,22,0
18307,11055,0,13,11,24,19,11,30,0,0,0,32,22,0
18307,11055,0,13,11,24,19,11,30,0,0,0,32,22,0
18307,11055,0,14,11,25,19,11,30,0,0,0,33,22,0
18307,11055,0,14,11,25,20,11,31,0,0,0,34,22,0
18307,11055,0,14,11,25,20,11,31,0,0,0,34,22,0
18307,11055,0,14,11,25,20,11,31,0,0,0,34,22,0
18307,11055,0,14,12,26,20,11,31,0,0,0,34,23,0
18307,11055,0,14,12,26,20,11,31,0,0,0,34,23,0
18307,11055,0,14,12,26,20,11,31,0,0,0,34,23,0
18307,11055,0,14,12,26,20,11,31,0,0,0,34,23,0
18307,11055,0,14,12,26,20,11,31,0,0,0,34,23,0
18307,11055,0,14,12,26,20,11,31,0,0,0,34,23,0
18307,11055,0,14,12,26,20,11,31,0,0,0,34,23,0
18307,11055,0,15,12,27,20,11,31,0,0,0,35,23,0
18307,11055,0,15,12,27,20,11,31,0,0,0,35,23,0
18307,11055,0,15,12,27,21,11,32,0,0,0,36,23,0
18307,11055,0,15,13,28,21,11,32,0,0,0,36,24,0
18307,11055,0,15,13,28,21,11,32,0,0,0,36,24,0
18307,11055,0,15,13,28,21,11,32,0,0,0,36,24,0
18307,11055,0,15,13,28,21,11,32,0,0,0,36,24,0
18307,11055,0,15,13,28,21,11,32,0,0,0,36,24,0
18307,11055,0,15,14,29,21,11,32,0,0,0,36,25,0
18307,11055,0,15,14,29,21,11,32,0,0,0,36,25,0
18307,11055,0,15,14,29,21,11,32,0,0,0,36,25,0
18307,11055,0,15,14,29,21,11,32,0,0,0,36,25,0
18307,11055,0,15,14,29,21,11,32,0,0,0,36,25,0
18307,11055,0,16,14,30,22,11,33,0,0,0,38,25,0
18307,11055,0,16,14,30,22,11,33,0,0,0,38,25,0
18307,11055,0,16,15,31,22,11,33,0,0,0,38,26,0
18307,11055,0,16,15,31,22,12,34,0,0,0,38,27,0
18307,11055,0,16,15,31,22,12,34,0,0,0,38,27,0
18307,11055,0,16,15,31,22,12,34,0,0,0,38,27,0
18307,11055,0,16,15,31,22,12,34,0,0,0,38,27,0
18307,11055,0,16,15,31,22,12,34,0,0,0,38,27,0
18307,11055,0,16,15,31,23,12,35,0,0,0,39,27,0
18307,11055,0,17,15,32,23,12,35,0,0,0,40,27,0
18307,11055,0,17,15,32,23,13,36,0,0,0,40,28,0
18307,11055,0,17,15,32,23,13,36,0,0,0,40,28,0
18307,11055,0,17,15,32,23,13,36,0,0,0,40,28,0
18307,11055,0,17,15,32,23,13,36,0,0,0,40,28,0
18307,11055,0,17,15,32,23,13,36,0,0,0,40,28,0
18307,11055,0,17,15,32,23,13,36,0,0,0,40,28,0
18307,11055,0,18,15,33,24,13,37,0,0,0,42,28,0
18307,11055,0,18,15,33,24,13,37,0,0,0,42,28,0
18307,11055,0,18,15,33,24,13,37,0,0,0,42,28,0
18307,11055,0,18,15,33,24,13,37,0,0,0,42,28,0
18307,11055,0,18,15,33,24,13,37,0,0,0,42,28,0
18307,11055,0,18,15,33,24,13,37,0,0,0,42,28,0
18307,11055,0,18,15,33,24,13,37,0,0,0,42,28,0
18307,11055,0,19,15,34,25,13,38,0,0,0,44,28,0
18307,11055,0,19,15,34,25,13,38,0,0,0,44,28,0
18307,11055,0,19,15,34,25,13,38,0,0,0,44,28,0
18307,11055,0,19,15,34,25,13,38,0,0,0,44,28,0
18307,11055,0,19,15,34,25,13,38,0,0,0,44,28,0
18307,11055,0,19,15,34,25,13,38,0,0,0,44,28,0
18307,11055,0,19,15,34,25,13,38,0,0,0,44,28,0
18307,11055,0,19,15,34,25,13,38,0,0,0,44,28,0
18307,11055,0,19,15,34,25,13,38,0,0,0,44,28,0
18307,11055,0,19,15,34,25,13,38,0,0,0,44,28,0
18307,11055,0,20,15,35,26,13,39,0,0,0,46,28,0
18307,11055,0,20,15,35,26,13,39,0,0,0,46,28,0
18307,11055,0,20,15,35,26,13,39,0,0,0,46,28,0
18307,11055,0,20,15,35,26,13,39,0,0,0,46,28,0
18307,11055,0,20,15,35,26,13,39,0,0,0,46,28,0
18307,11055,0,20,15,35,26,13,39,0,0,0,46,28,0
18307,11055,0,20,15,35,26,13,39,0,0,0,46,28,0
18307,11055,0,20,15,35,26,16,42,0,0,0,46,31,0
18307,11055,0,20,15,35,26,17,43,0,0,0,46,32,0
18307,11055,0,20,15,35,27,17,44,0,0,0,47,32,0
18307,11055,0,21,15,36,27,17,44,0,0,0,48,32,0
18307,11055,0,21,15,36,27,17,44,0,0,0,48,32,0
18307,11055,0,21,15,36,27,17,44,0,0,0,48,32,0
18307,11055,0,21,15,36,27,17,44,0,0,0,48,32,0
18307,11055,0,21,15,36,27,17,44,0,0,0,48,32,0
18307,11055,0,21,15,36,28,17,45,0,0,0,49,32,0
18307,11055,0,22,15,37,28,17,45,0,0,0,50,32,0
18307,11055,0,22,15,37,28,17,45,0,0,0,50,32,0
18307,11055,0,22,15,37,28,17,45,0,0,0,50,32,0
18307,11055,0,22,15,37,28,17,45,0,0,0,50,32,0
18307,11055,0,22,15,37,28,17,45,0,0,0,50,32,0
18307,11055,0,22,15,37,28,17,45,0,0,0,50,32,0
18307,11055,0,22,15,37,28,17,45,0,0,0,50,32,0
18307,11055,0,22,15,37,29,17,46,0,0,0,51,32,0
18307,11055,0,23,15,38,29,17,46,0,0,0,52,32,0
18307,11055,0,23,15,38,29,17,46,0,0,0,52,32,0
18307,11055,0,23,15,38,29,17,46,0,0,0,52,32,0
18307,11055,0,23,15,38,29,17,46,0,0,0,52,32,0
18307,11055,0,23,15,38,29,17,46,0,0,0,52,32,0
18307,11055,0,23,15,38,29,17,46,0,0,0,52,32,0
18307,11055,0,23,15,38,29,17,46,0,0,0,52,32,0
18307,11055,0,23,15,38,30,17,47,0,0,0,53,32,0
18307,11055,0,24,15,39,30,17,47,0,0,0,54,32,0
18307,11055,0,24,15,39,30,17,47,0,0,0,54,32,0
18307,11055,0,24,15,39,30,17,47,0,0,0,54,32,0
18307,11055,0,24,16,40,30,17,47,0,0,0,54,33,0
18307,11055,0,24,16,40,30,17,47,0,0,0,54,33,0
18307,11055,0,24,16,40,30,17,47,0,0,0,54,33,0
18307,11055,0,24,16,40,30,17,47,0,0,0,54,33,0
18307,11055,0,24,16,40,30,17,47,0,0,0,54,33,0
18307,11055,0,24,16,40,31,17,48,0,0,0,55,33,0
18307,11055,0,25,16,41,31,17,48,0,0,0,56,33,0
18307,11055,0,25,16,41,31,17,48,0,0,0,56,33,0
18307,11055,0,25,16,41,31,17,48,0,0,0,56,33,0
18307,11055,0,25,17,42,31,17,48,0,0,0,56,34,0
18307,11055,0,25,17,42,31,17,48,0,0,0,56,34,0
18307,11055,0,25,17,42,31,17,48,0,0,0,56,34,0
18307,11055,0,25,17,42,31,17,48,0,0,0,56,34,0
18307,11055,0,25,17,42,31,17,48,0,0,0,56,34,0
18307,11055,0,25,17,42,32,17,49,0,0,0,57,34,0
18307,11055,0,26,17,43,32,17,49,0,0,0,58,34,0
18307,11055,0,26,17,43,32,17,49,0,0,0,58,34,0
18307,11055,0,26,17,43,32,17,49,0,0,0,58,34,0
18307,11055,0,26,17,43,32,17,49,0,0,0,58,34,0
18307,11055,0,26,17,43,32,17,49,0,0,0,58,34,0
18307,11055,0,26,18,44,32,17,49,0,0,0,58,35,0
18307,11055,0,26,18,44,32,17,49,0,0,0,58,35,0
18307,11055,0,26,18,44,32,17,49,0,0,0,58,35,0
18307,11055,0,26,18,44,33,17,50,0,0,0,59,35,0
18307,11055,0,27,18,45,33,17,50,0,0,0,60,35,0
18307,11055,0,27,18,45,33,17,50,0,0,0,60,35,0
18307,11055,0,27,18,45,33,17,50,0,0,0,60,35,0
18307,11055,0,27,18,45,33,17,50,0,0,0,60,35,0
18307,11055,0,27,18,45,33,17,50,0,0,0,60,35,0
18307,11055,0,27,19,46,33,17,50,0,0,0,60,36,0
18307,11055,0,27,19,46,33,17,50,0,0,0,60,36,0
18307,11055,0,27,19,46,33,17,50,0,0,0,60,36,0
18307,11055,0,27,19,46,33,17,50,0,0,0,60,36,0
18307,11055,0,27,19,46,34,17,51,0,0,0,61,36,0
18307,11055,0,28,19,47,34,17,51,0,0,0,62,36,0
18307,11055,0,28,19,47,34,17,51,0,0,0,62,36,0
18307,11055,0,28,19,47,34,17,51,0,0,0,62,36,0
18307,11055,0,28,19,47,34,17,51,0,0,0,62,36,0
18307,11055,0,28,20,48,34,17,51,0,0,0,62,37,0
18307,11055,0,28,20,48,34,17,51,0,0,0,62,37,0
18307,11055,0,28,20,48,34,17,51,0,0,0,62,37,0
18307,11055,0,28,20,48,34,17,51,0,0,0,62,37,0
18307,11055,0,28,20,48,35,17,52,0,0,0,63,37,0
18307,11055,0,29,20,49,35,17,52,0,0,0,64,37,0
18307,11055,0,29,20,49,35,17,52,0,0,0,64,37,0
18307,11055,0,29,20,49,35,17,52,0,0,0,64,37,0
18307,11055,0,29,20,49,35,17,52,0,0,0,64,37,0
18307,11055,0,29,20,49,35,17,52,0,0,0,64,37,0
18307,11055,0,29,20,49,35,17,52,0,0,0,64,37,0
18307,11055,0,29,20,49,35,17,52,0,0,0,64,37,0
18307,11055,0,29,21,50,35,17,52,0,0,0,64,38,0
18307,11055,0,29,21,50,36,17,53,0,0,0,65,38,0
18307,11055,0,30,21,51,36,17,53,0,0,0,66,38,0
18307,11055,0,30,21,51,36,17,53,0,0,0,66,38,0
18307,11055,0,30,21,51,36,17,53,0,0,0,66,38,0
18307,11055,0,30,21,51,36,17,53,0,0,0,66,38,0
18307,11055,0,30,21,51,36,17,53,0,0,0,66,38,0
18307,11055,0,30,21,51,36,17,53,0,0,0,66,38,0
18307,11055,0,30,21,51,36,17,53,0,0,0,66,38,0
18307,11055,0,30,21,51,36,17,53,0,0,0,66,38,0
18307,11055,0,30,22,52,37,17,54,0,0,0,67,39,0
18307,11055,0,31,22,53,37,17,54,0,0,0,68,39,0
18307,11055,0,31,22,53,37,17,54,0,0,0,68,39,0
18307,11055,0,31,22,53,37,17,54,0,0,0,68,39,0
18307,11055,0,31,22,53,37,17,54,0,0,0,68,39,0
18307,11055,0,31,22,53,37,17,54,0,0,0,68,39,0
18307,11055,0,31,22,53,37,17,54,0,0,0,68,39,0
18307,11055,0,31,22,53,37,17,54,0,0,0,68,39,0
18307,11055,0,31,22,53,37,17,54,0,0,0,68,39,0
18307,11055,0,31,22,53,38,17,55,0,0,0,69,39,0
18307,11055,0,32,22,54,38,17,55,0,0,0,70,39,0
18307,11055,0,32,22,54,38,17,55,0,0,0,70,39,0
18307,11055,0,32,22,54,38,17,55,0,0,0,70,39,0
18307,11055,0,32,22,54,38,17,55,0,0,0,70,39,0
18307,11055,0,32,23,55,38,17,55,0,0,0,70,40,0
18307,11055,0,32,23,55,38,17,55,0,0,0,70,40,0
18307,11055,0,32,23,55,38,17,55,0,0,0,70,40,0
18307,11055,0,32,23,55,38,17,55,0,0,0,70,40,0
18307,11055,0,32,23,55,39,17,56,0,0,0,71,40,0
18307,11055,0,33,23,56,39,18,57,0,0,0,72,41,0
18307,11055,0,33,23,56,39,18,57,0,0,0,72,41,0
18307,11055,0,33,23,56,39,18,57,0,0,0,72,41,0
18307,11055,0,33,23,56,39,18,57,0,0,0,72,41,0
18307,11055,0,33,24,57,39,18,57,0,0,0,72,42,0
18307,11055,0,33,24,57,39,18,57,0,0,0,72,42,0
18307,11055,0,33,24,57,39,18,57,0,0,0,72,42,0
18307,11055,0,33,24,57,39,18,57,0,0,0,72,42,0
18307,11055,0,33,24,57,40,19,59,0,0,0,73,43,0
18307,11055,0,34,24,58,40,19,59,0,0,0,74,43,0
18307,11055,0,34,24,58,40,19,59,0,0,0,74,43,0
18307,11055,0,34,24,58,40,19,59,0,0,0,74,43,0
18307,11055,0,34,24,58,40,19,59,0,0,0,74,43,0
18307,11055,0,34,24,58,40,19,59,0,0,0,74,43,0
18307,11055,0,34,24,58,40,19,59,0,0,0,74,43,0
18307,11055,0,34,25,59,40,19,59,0,0,0,74,44,0
18307,11055,0,34,25,59,40,19,59,0,0,0,74,44,0
18307,11055,0,34,25,59,41,19,60,0,0,0,75,44,0
18307,11055,0,35,25,60,41,19,60,0,0,0,76,44,0
18307,11055,0,35,25,60,41,20,61,0,0,0,76,45,0
18307,11055,0,35,25,60,41,20,61,0,0,0,76,45,0
18307,11055,0,35,25,60,41,20,61,0,0,0,76,45,0
18307,11055,0,35,25,60,41,20,61,0,0,0,76,45,0
18307,11055,0,35,25,60,41,20,61,0,0,0,76,45,0
18307,11055,0,35,26,61,41,20,61,0,0,0,76,46,0
18307,11055,0,35,26,61,41,20,61,0,0,0,76,46,0
18307,11055,0,35,26,61,41,21,62,0,0,0,76,47,0
18307,11055,0,35,26,61,42,21,63,0,0,0,77,47,0
18307,11055,0,36,26,62,42,21,63,0,0,0,78,47,0
18307,11055,0,36,26,62,42,21,63,0,0,0,78,47,0
18307,11055,0,36,27,63,42,21,63,0,0,0,78,48,0
18307,11055,0,36,27,63,42,21,63,0,0,0,78,48,0
18307,11055,0,36,27,63,42,21,63,0,0,0,78,48,0
18307,11055,0,36,27,63,42,21,63,0,0,0,78,48,0
18307,11055,0,36,27,63,42,21,63,0,0,0,78,48,0
18307,11055,0,36,27,63,42,22,64,0,0,0,78,49,0
18307,11055,0,36,27,63,43,22,65,0,0,0,79,49,0
18307,11055,0,37,27,64,43,22,65,0,0,0,80,49,0
18307,11055,0,37,27,64,43,22,65,0,0,0,80,49,0
18307,11055,0,37,27,64,43,22,65,0,0,0,80,49,0
18307,11055,0,37,27,64,43,22,65,0,0,0,80,49,0
18307,11055,0,37,27,64,43,22,65,0,0,0,80,49,0
18307,11055,0,37,27,64,43,23,66,0,0,0,80,50,0
18307,11055,0,37,28,65,43,23,66,0,0,0,80,51,0
18307,11055,0,37,28,65,43,23,66,0,0,0,80,51,0
18307,11055,0,37,28,65,44,23,67,0,0,0,81,51,0
18307,11055,0,38,28,66,44,23,67,0,0,0,82,51,0
18307,11055,0,38,28,66,44,23,67,0,0,0,82,51,0
18307,11055,0,38,28,66,44,23,67,0,0,0,82,51,0
18307,11055,0,38,28,66,44,23,67,0,0,0,82,51,0
18307,11055,0,38,28,66,44,23,67,0,0,0,82,51,0
18307,11055,0,38,29,67,44,24,68,0,0,0,82,53,0
18307,11055,0,38,29,67,44,24,68,0,0,0,82,53,0
18307,11055,0,38,29,67,44,24,68,0,0,0,82,53,0
18307,11055,0,38,29,67,45,24,69,0,0,0,83,53,0
18307,11055,0,39,29,68,45,24,69,0,0,0,84,53,0
18307,11055,0,39,29,68,45,24,69,0,0,0,84,53,0
18307,11055,0,39,29,68,45,24,69,0,0,0,84,53,0
18307,11055,0,39,30,69,45,24,69,0,0,0,84,54,0
18307,11055,0,39,30,69,45,24,69,0,0,0,84,54,0
18307,11055,0,39,30,69,45,24,69,0,0,0,84,54,0
18307,11055,0,39,30,69,45,24,69,0,0,0,84,54,0
18307,11055,0,39,30,69,45,24,69,0,0,0,84,54,0
18307,11055,0,39,30,69,46,25,71,0,0,0,85,55,0
18307,11055,0,40,30,70,46,25,71,0,0,0,86,55,0
18307,11055,0,40,30,70,46,25,71,0,0,0,86,55,0
18307,11055,0,40,30,70,46,25,71,0,0,0,86,55,0
18307,11055,0,40,30,70,46,25,71,0,0,0,86,55,0
18307,11055,0,40,30,70,46,25,71,0,0,0,86,55,0
18307,11055,0,40,30,70,46,25,71,0,0,0,86,55,0
18307,11055,0,40,30,70,46,26,72,0,0,0,86,56,0
18307,11055,0,40,31,71,46,26,72,0,0,0,86,57,0
18307,11055,0,40,31,71,47,26,73,0,0,0,87,57,0
18307,11055,0,41,31,72,47,26,73,0,0,0,88,57,0
18307,11055,0,41,31,72,47,26,73,0,0,0,88,57,0
18307,11055,0,41,31,72,47,26,73,0,0,0,88,57,0
18307,11055,0,41,31,72,47,26,73,0,0,0,88,57,0
18307,11055,0,41,31,72,47,26,73,0,0,0,88,57,0
18307,11055,0,41,31,72,47,26,73,0,0,0,88,57,0
18307,11055,0,41,31,72,47,26,73,0,0,0,88,57,0
18307,11055,0,41,31,72,47,26,73,0,0,0,88,57,0
18307,11055,0,41,32,73,47,27,74,0,0,0,88,59,0
18307,11055,0,41,32,73,48,27,75,0,0,0,89,59,0
18307,11055,0,42,32,74,48,27,75,0,0,0,90,59,0
18307,11055,0,42,32,74,48,27,75,0,0,0,90,59,0
18307,11055,0,42,32,74,48,27,75,0,0,0,90,59,0
18307,11055,0,42,32,74,48,27,75,0,0,0,90,59,0
18307,11055,0,42,32,74,48,27,75,0,0,0,90,59,0
18307,11055,0,42,32,74,48,27,75,0,0,0,90,59,0
18307,11055,0,42,33,75,48,28,76,0,0,0,90,61,0
18307,11055,0,42,33,75,48,28,76,0,0,0,90,61,0
18307,11055,0,42,33,75,49,28,77,0,0,0,91,61,0
18307,11055,0,43,33,76,49,28,77,0,0,0,92,61,0
18307,11055,0,43,33,76,49,28,77,0,0,0,92,61,0
18307,11055,0,43,33,76,49,28,77,0,0,0,92,61,0
18307,11055,0,43,34,77,49,29,78,0,0,0,92,63,0
18307,11055,0,43,34,77,49,29,78,0,0,0,92,63,0
18307,11055,0,43,34,77,49,29,78,0,0,0,92,63,0
18307,11055,0,43,34,77,49,29,78,0,0,0,92,63,0
18307,11055,0,43,34,77,49,29,78,0,0,0,92,63,0
18307,11055,0,43,34,77,50,29,79,0,0,0,93,63,0
18307,11055,0,44,34,78,50,29,79,0,0,0,94,63,0
18307,11055,0,44,34,78,50,29,79,0,0,0,94,63,0
18307,11055,0,44,34,78,50,29,79,0,0,0,94,63,0
18307,11055,0,44,34,78,50,29,79,0,0,0,94,63,0
18307,11055,0,44,34,78,50,29,79,0,0,0,94,63,0
18307,11055,0,44,35,79,50,29,79,0,0,0,94,64,0
18307,11055,0,44,35,79,50,30,80,0,0,0,94,65,0
18307,11055,0,44,35,79,50,30,80,0,0,0,94,65,0
18307,11055,0,44,35,79,51,30,81,0,0,0,95,65,0
18307,11055,0,45,35,80,51,30,81,0,0,0,96,65,0
18307,11055,0,45,35,80,51,30,81,0,0,0,96,65,0
18307,11055,0,45,35,80,51,30,81,0,0,0,96,65,0
18307,11055,0,45,35,80,51,30,81,0,0,0,96,65,0
18307,11055,0,45,36,81,51,30,81,0,0,0,96,66,0
18307,11055,0,45,36,81,51,30,81,0,0,0,96,66,0
18307,11055,0,45,36,81,51,31,82,0,0,0,96,67,0
18307,11055,0,45,36,81,51,31,82,0,0,0,96,67,0
18307,11055,0,45,36,81,52,31,83,0,0,0,97,67,0
18307,11055,0,46,36,82,52,31,83,0,0,0,98,67,0
18307,11055,0,46,36,82,52,31,83,0,0,0,98,67,0
18307,11055,0,46,36,82,52,32,84,0,0,0,98,68,0
18307,11055,0,46,36,82,52,32,84,0,0,0,98,68,0
18307,11055,0,46,36,82,52,32,84,0,0,0,98,68,0
18307,11055,0,46,37,83,52,32,84,0,0,0,98,69,0
18307,11055,0,46,37,83,52,32,84,0,0,0,98,69,0
18307,11055,0,46,37,83,52,32,84,0,0,0,98,69,0
18307,11055,0,46,37,83,52,32,84,0,0,0,98,69,0
18307,11055,0,46,37,83,53,32,85,0,0,0,99,69,0
18307,11055,0,47,37,84,53,32,85,0,0,0,100,69,0
18307,11055,0,47,37,84,53,33,86,0,0,0,100,70,0
18307,11055,0,47,37,84,53,33,86,0,0,0,100,70,0
18307,11055,0,47,37,84,53,33,86,0,0,0,100,70,0
18307,11055,0,47,38,85,53,33,86,0,0,0,100,71,0
18307,11055,0,47,38,85,53,33,86,0,0,0,100,71,0
18307,11055,0,47,38,85,53,33,86,0,0,0,100,71,0
18307,11055,0,47,38,85,53,33,86,0,0,0,100,71,0
18307,11055,0,47,38,85,53,33,86,0,0,0,100,71,0
18307,11055,0,47,38,85,54,33,87,0,0,0,101,71,0
18307,11055,0,48,38,86,54,33,87,0,0,0,102,71,0
18307,11055,0,48,38,86,54,33,87,0,0,0,102,71,0
18307,11055,0,48,38,86,54,33,87,0,0,0,102,71,0
18307,11055,0,48,38,86,54,34,88,0,0,0,102,72,0
18307,11055,0,48,38,86,54,34,88,0,0,0,102,72,0
18307,11055,0,48,38,86,54,34,88,0,0,0,102,72,0
18307,11055,0,48,39,87,54,34,88,0,0,0,102,73,0
18307,11055,0,48,39,87,54,34,88,0,0,0,102,73,0
18307,11055,0,48,39,87,55,34,89,0,0,0,103,73,0
18307,11055,0,49,39,88,55,34,89,0,0,0,104,73,0
18307,11055,0,49,39,88,55,34,89,0,0,0,104,73,0
18307,11055,0,49,39,88,55,34,89,0,0,0,104,73,0
18307,11055,0,49,39,88,55,34,89,0,0,0,104,73,0
18307,11055,0,49,39,88,55,35,90,0,0,0,104,74,0
18307,11055,0,49,40,89,55,35,90,0,0,0,104,75,0
18307,11055,0,49,40,89,55,35,90,0,0,0,104,75,0
18307,11055,0,49,40,89,55,35,90,0,0,0,104,75,0
18307,11055,0,49,40,89,56,35,91,0,0,0,105,75,0
18307,11055,0,50,40,90,56,35,91,0,0,0,106,75,0
18307,11055,0,50,40,90,56,35,91,0,0,0,106,75,0
18307,11055,0,50,40,90,56,36,92,0,0,0,106,76,0
18307,11055,0,50,40,90,56,36,92,0,0,0,106,76,0
18307,11055,0,50,40,90,56,36,92,0,0,0,106,76,0
18307,11055,0,50,41,91,56,36,92,0,0,0,106,77,0
18307,11055,0,50,41,91,56,36,92,0,0,0,106,77,0
18307,11055,0,50,41,91,56,36,92,0,0,0,106,77,0
18307,11055,0,50,41,91,57,36,93,0,0,0,107,77,0
18307,11055,0,51,41,92,57,37,94,0,0,0,108,78,0
18307,11055,0,51,41,92,57,37,94,0,0,0,108,78,0
18307,11055,0,51,42,93,57,37,94,0,0,0,108,79,0
18307,11055,0,51,42,93,57,37,94,0,0,0,108,79,0
18307,11055,0,51,42,93,57,37,94,0,0,0,108,79,0
18307,11055,0,51,42,93,57,37,94,0,0,0,108,79,0
18307,11055,0,51,42,93,57,37,94,0,0,0,108,79,0
18307,11055,0,51,42,93,57,37,94,0,0,0,108,79,0
18307,11055,0,51,42,93,58,37,95,0,0,0,109,79,0
18307,11055,0,52,42,94,58,37,95,0,0,0,110,79,0
18307,11055,0,52,42,94,58,37,95,0,0,0,110,79,0
18307,11055,0,52,42,94,58,37,95,0,0,0,110,79,0
18307,11055,0,52,42,94,58,38,96,0,0,0,110,80,0
18307,11055,1,1013,1019,2032,1013,1035,2048,0,0,0,2026,2054,0
18307,11055,0,52,42,94,58,38,96,0,0,0,110,80,0
18307,11055,1,1013,1019,2032,1013,1035,2048,0,0,0,2026,2054,0
18307,11055,0,52,42,94,58,38,96,0,0,0,110,80,0
18307,11055,1,1013,1019,2032,1013,1036,2049,0,0,0,2026,2055,0
18307,11055,0,52,42,94,58,38,96,0,0,0,110,80,0
18307,11055,1,1013,1019,2032,1013,1036,2049,0,0,0,2026,2055,0
18307,11055,0,52,42,94,58,38,96,0,0,0,110,80,0
18307,11055,1,1013,1019,2032,1013,1036,2049,0,0,0,2026,2055,0
18307,11055,0,52,42,94,58,38,96,0,0,0,110,80,0
18307,11055,1,1013,1019,2032,1013,1036,2049,0,0,0,2026,2055,0
18307,11055,0,52,42,94,58,38,96,0,0,0,110,80,0
18307,11055,1,1013,1019,2032,1013,1036,2049,0,0,0,2026,2055,0
18307,11055,0,52,42,94,58,38,96,0,0,0,110,80,0
18307,11055,1,1014,1020,2034,1014,1036,2050,0,0,0,2028,2056,0
18307,11055,0,52,42,94,58,38,96,0,0,0,110,80,0
18307,11055,1,1014,1020,2034,1014,1036,2050,0,0,0,2028,2056,0
18307,11055,0,52,42,94,58,38,96,0,0,0,110,80,0
18307,11055,1,1014,1020,2034,1014,1036,2050,0,0,0,2028,2056,0
18307,11055,0,52,42,94,58,38,96,0,0,0,110,80,0
18307,11055,1,1014,1020,2034,1014,1036,2050,0,0,0,2028,2056,0
18307,11055,0,52,42,94,58,38,96,0,0,0,110,80,0
18307,11055,1,1014,1020,2034,1014,1036,2050,0,0,0,2028,2056,0
18307,11055,0,52,42,94,58,38,96,0,0,0,110,80,0
18307,11055,1,1014,1020,2034,1014,1037,2051,0,0,0,2028,2057,0
18307,11055,0,52,42,94,58,38,96,0,0,0,110,80,0
18307,11055,1,1014,1020,2034,1014,1037,2051,0,0,0,2028,2057,0
18307,11055,0,52,42,94,58,38,96,0,0,0,110,80,0
18307,11055,1,1014,1020,2034,1014,1037,2051,0,0,0,2028,2057,0
18307,11055,0,52,42,94,58,38,96,0,0,0,110,80,0
18307,11055,1,1014,1020,2034,1014,1037,2051,0,0,0,2028,2057,0
18307,11055,0,52,42,94,58,38,96,0,0,0,110,80,0
18307,11055,1,1015,1020,2035,1015,1037,2052,0,0,0,2030,2057,0
18307,11055,0,52,42,94,58,38,96,0,0,0,110,80,0
18307,11055,1,1015,1020,2035,1015,1037,2052,0,0,0,2030,2057,0
18307,11055,0,52,42,94,58,38,96,0,0,0,110,80,0
18307,11055,1,1015,1021,2036,1015,1037,2052,0,0,0,2030,2058,0
18307,11055,0,52,42,94,58,38,96,0,0,0,110,80,0
18307,11055,1,1015,1021,2036,1015,1037,2052,0,0,0,2030,2058,0
18307,11055,0,52,42,94,58,38,96,0,0,0,110,80,0
18307,11055,1,1015,1021,2036,1015,1037,2052,0,0,0,2030,2058,0
18307,11055,0,52,42,94,58,38,96,0,0,0,110,80,0
18307,11055,1,1015,1021,2036,1015,1037,2052,0,0,0,2030,2058,0
18307,11055,0,52,42,94,58,38,96,0,0,0,110,80,0
18307,11055,1,1015,1021,2036,1015,1038,2053,0,0,0,2030,2059,0
18307,11055,0,52,42,94,58,38,96,0,0,0,110,80,0
18307,11055,1,1015,1021,2036,1015,1038,2053,0,0,0,2030,2059,0
18307,11055,0,52,42,94,58,38,96,0,0,0,110,80,0
18307,11055,1,1015,1021,2036,1015,1038,2053,0,0,0,2030,2059,0
18307,11055,0,52,42,94,58,38,96,0,0,0,110,80,0
18307,11055,1,1016,1021,2037,1016,1038,2054,0,0,0,2032,2059,0
18307,11055,0,52,42,94,58,38,96,0,0,0,110,80,0
18307,11055,1,1016,1021,2037,1016,1038,2054,0,0,0,2032,2059,0
18307,11055,0,52,42,94,58,38,96,0,0,0,110,80,0
18307,11055,1,1016,1021,2037,1016,1038,2054,0,0,0,2032,2059,0
18307,11055,0,52,42,94,58,38,96,0,0,0,110,80,0
18307,11055,1,1016,1022,2038,1016,1038,2054,0,0,0,2032,2060,0
18307,11055,0,52,42,94,58,38,96,0,0,0,110,80,0
18307,11055,1,1016,1022,2038,1016,1038,2054,0,0,0,2032,2060,0
18307,11055,0,52,42,94,58,38,96,0,0,0,110,80,0
18307,11055,1,1016,1022,2038,1016,1038,2054,0,0,0,2032,2060,0
18307,11055,0,52,42,94,58,38,96,0,0,0,110,80,0
18307,11055,1,1016,1022,2038,1016,1039,2055,0,0,0,2032,2061,0
18307,11055,0,52,42,94,58,38,96,0,0,0,110,80,0
18307,11055,1,1016,1022,2038,1016,1039,2055,0,0,0,2032,2061,0
18307,11055,0,52,42,94,58,38,96,0,0,0,110,80,0
18307,11055,1,1016,1022,2038,1016,1039,2055,0,0,0,2032,2061,0
18307,11055,0,52,42,94,58,38,96,0,0,0,110,80,0
18307,11055,1,1016,1022,2038,1016,1039,2055,0,0,0,2032,2061,0
18307,11055,0,52,42,94,58,38,96,0,0,0,110,80,0
18307,11055,1,1017,1022,2039,1017,1039,2056,0,0,0,2034,2061,0
18307,11055,0,52,42,94,58,38,96,0,0,0,110,80,0
18307,11055,1,1017,1022,2039,1017,1039,2056,0,0,0,2034,2061,0
18307,11055,0,52,42,94,58,38,96,0,0,0,110,80,0
18307,11055,1,1017,1022,2039,1017,1039,2056,0,0,0,2034,2061,0
18307,11055,0,52,42,94,58,38,96,0,0,0,110,80,0
18307,11055,1,1017,1023,2040,1017,1039,2056,0,0,0,2034,2062,0
18307,11055,0,52,42,94,58,38,96,0,0,0,110,80,0
18307,11055,1,1017,1023,2040,1017,1039,2056,0,0,0,2034,2062,0
18307,11055,0,52,42,94,58,38,96,0,0,0,110,80,0
18307,11055,1,1017,1023,2040,1017,1039,2056,0,0,0,2034,2062,0
18307,11055,0,52,42,94,58,38,96,0,0,0,110,80,0
18307,11055,1,1017,1023,2040,1017,1040,2057,0,0,0,2034,2063,0
18307,11055,0,52,42,94,58,38,96,0,0,0,110,80,0
18307,11055,1,1017,1023,2040,1017,1040,2057,0,0,0,2034,2063,0
18307,11055,0,52,42,94,58,38,96,0,0,0,110,80,0
18307,11055,1,1017,1023,2040,1017,1040,2057,0,0,0,2034,2063,0
18307,11055,0,52,42,94,58,38,96,0,0,0,110,80,0
18307,11055,1,1017,1023,2040,1017,1040,2057,0,0,0,2034,2063,0
18307,11055,0,52,42,94,58,38,96,0,0,0,110,80,0
18307,11055,1,1018,1023,2041,1018,1040,2058,0,0,0,2036,2063,0
18307,11055,0,52,42,94,58,38,96,0,0,0,110,80,0
18307,11055,1,1018,1023,2041,1018,1040,2058,0,0,0,2036,2063,0
18307,11055,0,52,42,94,58,38,96,0,0,0,110,80,0
18307,11055,1,1018,1023,2041,1018,1040,2058,0,0,0,2036,2063,0
18307,11055,0,52,42,94,58,38,96,0,0,0,110,80,0
18307,11055,1,1018,1023,2041,1018,1041,2059,0,0,0,2036,2064,0
18307,11055,0,52,42,94,58,38,96,0,0,0,110,80,0
18307,11055,1,1018,1023,2041,1018,1041,2059,0,0,0,2036,2064,0
18307,11055,0,52,42,94,58,38,96,0,0,0,110,80,0
18307,11055,1,1018,1024,2042,1018,1041,2059,0,0,0,2036,2065,0
18307,11055,0,52,42,94,58,38,96,0,0,0,110,80,0
18307,11055,1,1018,1024,2042,1018,1041,2059,0,0,0,2036,2065,0
18307,11055,0,52,42,94,58,38,96,0,0,0,110,80,0
18307,11055,1,1018,1024,2042,1018,1041,2059,0,0,0,2036,2065,0
18307,11055,0,52,42,94,58,38,96,0,0,0,110,80,0
18307,11055,1,1018,1024,2042,1018,1041,2059,0,0,0,2036,2065,0
18307,11055,0,52,42,94,58,38,96,0,0,0,110,80,0
18307,11055,1,1018,1024,2042,1018,1041,2059,0,0,0,2036,2065,0
18307,11055,0,52,42,94,58,38,96,0,0,0,110,80,0
18307,11055,1,1019,1024,2043,1019,1041,2060,0,0,0,2038,2065,0
18307,11055,0,52,42,94,58,38,96,0,0,0,110,80,0
18307,11055,1,1019,1025,2044,1019,1041,2060,0,0,0,2038,2066,0
18307,11055,0,52,42,94,58,38,96,0,0,0,110,80,0
18307,11055,1,1019,1025,2044,1019,1042,2061,0,0,0,2038,2067,0
18307,11055,0,52,42,94,58,38,96,0,0,0,110,80,0
18307,11055,1,1019,1025,2044,1019,1042,2061,0,0,0,2038,2067,0
18307,11055,0,52,42,94,58,38,96,0,0,0,110,80,0
18307,11055,1,1019,1025,2044,1019,1042,2061,0,0,0,2038,2067,0
18307,11055,0,52,42,94,58,38,96,0,0,0,110,80,0
18307,11055,1,1019,1025,2044,1019,1042,2061,0,0,0,2038,2067,0
18307,11055,0,52,42,94,58,38,96,0,0,0,110,80,0
18307,11055,1,1019,1025,2044,1019,1042,2061,0,0,0,2038,2067,0
18307,11055,0,52,42,94,58,38,96,0,0,0,110,80,0
18307,11055,1,1019,1025,2044,1019,1042,2061,0,0,0,2038,2067,0
18307,11055,0,52,42,94,58,38,96,0,0,0,110,80,0
18307,11055,1,1019,1026,2045,1019,1042,2061,0,0,0,2038,2068,0
18307,11055,0,52,42,94,58,38,96,0,0,0,110,80,0
18307,11055,1,1019,1026,2045,1020,1042,2062,0,0,0,2039,2068,0
18307,11055,0,52,42,94,58,38,96,0,0,0,110,80,0
18307,11055,1,1020,1026,2046,1020,1042,2062,0,0,0,2040,2068,0
18307,11055,0,52,42,94,58,38,96,0,0,0,110,80,0
18307,11055,1,1020,1026,2046,1020,1042,2062,0,0,0,2040,2068,0
18307,11055,0,52,42,94,58,38,96,0,0,0,110,80,0
18307,11055,1,1020,1026,2046,1020,1042,2062,0,0,0,2040,2068,0
18307,11055,0,52,42,94,58,38,96,0,0,0,110,80,0
18307,11055,1,1020,1026,2046,1020,1043,2063,0,0,0,2040,2069,0
18307,11055,0,52,42,94,58,38,96,0,0,0,110,80,0
18307,11055,1,1020,1026,2046,1020,1043,2063,0,0,0,2040,2069,0
18307,11055,0,52,42,94,58,38,96,0,0,0,110,80,0
18307,11055,1,1020,1026,2046,1020,1043,2063,0,0,0,2040,2069,0
18307,11055,0,52,42,94,58,38,96,0,0,0,110,80,0
18307,11055,1,1020,1026,2046,1020,1043,2063,0,0,0,2040,2069,0
18307,11055,0,52,42,94,58,38,96,0,0,0,110,80,0
18307,11055,1,1020,1026,2046,1020,1043,2063,0,0,0,2040,2069,0
18307,11055,0,52,42,94,58,38,96,0,0,0,110,80,0
18307,11055,1,1020,1026,2046,1020,1043,2063,0,0,0,2040,2069,0
18307,11055,0,52,42,94,58,38,96,0,0,0,110,80,0
18307,11055,1,1021,1026,2047,1021,1043,2064,0,0,0,2042,2069,0
18307,11055,0,52,42,94,58,38,96,0,0,0,110,80,0
18307,11055,1,1021,1026,2047,1021,1043,2064,0,0,0,2042,2069,0
18307,11055,0,52,42,94,58,38,96,0,0,0,110,80,0
18307,11055,1,1021,1027,2048,1021,1043,2064,0,0,0,2042,2070,0
18307,11055,0,52,42,94,58,38,96,0,0,0,110,80,0
18307,11055,1,1021,1027,2048,1021,1044,2065,0,0,0,2042,2071,0
18307,11055,0,52,42,94,58,38,96,0,0,0,110,80,0
18307,11055,1,1021,1027,2048,1021,1044,2065,0,0,0,2042,2071,0
18307,11055,0,52,42,94,58,38,96,0,0,0,110,80,0
18307,11055,1,1021,1027,2048,1021,1044,2065,0,0,0,2042,2071,0
18307,11055,0,52,42,94,58,38,96,0,0,0,110,80,0
18307,11055,1,1021,1027,2048,1021,1044,2065,0,0,0,2042,2071,0
18307,11055,0,52,42,94,58,38,96,0,0,0,110,80,0
18307,11055,1,1021,1027,2048,1021,1044,2065,0,0,0,2042,2071,0
18307,11055,0,52,42,94,58,38,96,0,0,0,110,80,0
18307,11055,1,1021,1027,2048,1021,1044,2065,0,0,0,2042,2071,0
18307,11055,0,52,42,94,58,38,96,0,0,0,110,80,0
18307,11055,1,1022,1027,2049,1022,1044,2066,0,0,0,2044,2071,0
18307,11055,0,52,42,94,58,38,96,0,0,0,110,80,0
18307,11055,1,1022,1027,2049,1022,1045,2067,0,0,0,2044,2072,0
18307,11055,0,52,42,94,58,38,96,0,0,0,110,80,0
18307,11055,1,1022,1027,2049,1022,1045,2067,0,0,0,2044,2072,0
18307,11055,0,52,42,94,58,38,96,0,0,0,110,80,0
18307,11055,1,1022,1028,2050,1022,1045,2067,0,0,0,2044,2073,0
18307,11055,0,52,42,94,58,38,96,0,0,0,110,80,0
18307,11055,1,1022,1028,2050,1022,1045,2067,0,0,0,2044,2073,0
18307,11055,0,52,42,94,58,38,96,0,0,0,110,80,0
18307,11055,1,1022,1028,2050,1022,1045,2067,0,0,0,2044,2073,0
18307,11055,0,52,42,94,58,38,96,0,0,0,110,80,0
18307,11055,1,1022,1028,2050,1022,1045,2067,0,0,0,2044,2073,0
18307,11055,0,52,42,94,58,38,96,0,0,0,110,80,0
18307,11055,1,1022,1028,2050,1022,1045,2067,0,0,0,2044,2073,0
18307,11055,0,52,42,94,58,38,96,0,0,0,110,80,0
18307,11055,1,1022,1028,2050,1022,1045,2067,0,0,0,2044,2073,0
18307,11055,0,52,42,94,58,38,96,0,0,0,110,80,0
18307,11055,1,1023,1028,2051,1023,1045,2068,0,0,0,2046,2073,0
18307,11055,0,52,42,94,58,38,96,0,0,0,110,80,0
18307,11055,1,1023,1028,2051,1023,1045,2068,0,0,0,2046,2073,0
18307,11055,0,52,42,94,58,38,96,0,0,0,110,80,0
18307,11055,1,1023,1028,2051,1023,1046,2069,0,0,0,2046,2074,0
18307,11055,0,52,42,94,58,38,96,0,0,0,110,80,0
18307,11055,1,1023,1029,2052,1023,1046,2069,0,0,0,2046,2075,0
18307,11055,0,52,42,94,58,38,96,0,0,0,110,80,0
18307,11055,1,1023,1029,2052,1023,1046,2069,0,0,0,2046,2075,0
18307,11055,0,52,42,94,58,38,96,0,0,0,110,80,0
18307,11055,1,1023,1029,2052,1023,1046,2069,0,0,0,2046,2075,0
18307,11055,0,52,42,94,58,38,96,0,0,0,110,80,0
18307,11055,1,1023,1029,2052,1023,1046,2069,0,0,0,2046,2075,0
18307,11055,0,52,42,94,58,38,96,0,0,0,110,80,0
18307,11055,1,1023,1029,2052,1023,1046,2069,0,0,0,2046,2075,0
18307,11055,0,52,42,94,58,38,96,0,0,0,110,80,0
18307,11055,1,1023,1029,2052,1023,1046,2069,0,0,0,2046,2075,0
18307,11055,0,52,42,94,58,38,96,0,0,0,110,80,0
18307,11055,1,1024,1030,2054,1024,1046,2070,0,0,0,2048,2076,0
18307,11055,0,52,42,94,58,38,96,0,0,0,110,80,0
18307,11055,1,1024,1030,2054,1024,1046,2070,0,0,0,2048,2076,0
18307,11055,0,52,42,94,58,38,96,0,0,0,110,80,0
18307,11055,1,1024,1030,2054,1024,1047,2071,0,0,0,2048,2077,0
18307,11055,0,52,42,94,58,38,96,0,0,0,110,80,0
18307,11055,1,1024,1030,2054,1024,1047,2071,0,0,0,2048,2077,0
18307,11055,0,52,42,94,58,38,96,0,0,0,110,80,0
18307,11055,1,1024,1030,2054,1024,1047,2071,0,0,0,2048,2077,0
18307,11055,0,52,42,94,58,38,96,0,0,0,110,80,0
18307,11055,1,1024,1030,2054,1024,1047,2071,0,0,0,2048,2077,0
18307,11055,0,52,42,94,58,38,96,0,0,0,110,80,0
18307,11055,1,1024,1030,2054,1024,1047,2071,0,0,0,2048,2077,0
18307,11055,0,52,42,94,58,38,96,0,0,0,110,80,0
18307,11055,1,1024,1031,2055,1024,1047,2071,0,0,0,2048,2078,0
18307,11055,0,52,42,94,58,38,96,0,0,0,110,80,0
18307,11055,1,1024,1031,2055,1024,1047,2071,0,0,0,2048,2078,0
18307,11055,0,52,42,94,58,38,96,0,0,0,110,80,0
18307,11055,1,1025,1031,2056,1025,1047,2072,0,0,0,2050,2078,0
18307,11055,0,52,42,94,58,38,96,0,0,0,110,80,0
18307,11055,1,1025,1031,2056,1025,1048,2073,0,0,0,2050,2079,0
18307,11055,0,52,42,94,58,38,96,0,0,0,110,80,0
18307,11055,1,1025,1031,2056,1025,1048,2073,0,0,0,2050,2079,0
18307,11055,0,52,42,94,58,38,96,0,0,0,110,80,0
18307,11055,1,1025,1031,2056,1025,1048,2073,0,0,0,2050,2079,0
18307,11055,0,52,42,94,58,38,96,0,0,0,110,80,0
18307,11055,1,1025,1031,2056,1025,1048,2073,0,0,0,2050,2079,0
18307,11055,0,52,42,94,58,38,96,0,0,0,110,80,0
18307,11055,1,1025,1031,2056,1025,1048,2073,0,0,0,2050,2079,0
18307,11055,0,52,42,94,58,38,96,0,0,0,110,80,0
18307,11055,1,1025,1031,2056,1025,1048,2073,0,0,0,2050,2079,0
18307,11055,0,52,42,94,58,38,96,0,0,0,110,80,0
18307,11055,1,1025,1031,2056,1025,1048,2073,0,0,0,2050,2079,0
18307,11055,0,52,42,94,58,38,96,0,0,0,110,80,0
18307,11055,1,1025,1032,2057,1025,1048,2073,0,0,0,2050,2080,0
18307,11055,0,52,42,94,58,38,96,0,0,0,110,80,0
18307,11055,1,1026,1032,2058,1026,1049,2075,0,0,0,2052,2081,0
18307,11055,0,52,42,94,58,38,96,0,0,0,110,80,0
18307,11055,1,1026,1032,2058,1026,1049,2075,0,0,0,2052,2081,0
18307,11055,0,52,42,94,58,38,96,0,0,0,110,80,0
18307,11055,1,1026,1032,2058,1026,1049,2075,0,0,0,2052,2081,0
18307,11055,0,52,42,94,58,38,96,0,0,0,110,80,0
18307,11055,1,1026,1032,2058,1026,1049,2075,0,0,0,2052,2081,0
18307,11055,0,52,42,94,58,38,96,0,0,0,110,80,0
18307,11055,1,1026,1032,2058,1026,1049,2075,0,0,0,2052,2081,0
18307,11055,0,52,42,94,58,38,96,0,0,0,110,80,0
18307,11055,1,1026,1032,2058,1026,1049,2075,0,0,0,2052,2081,0
18307,11055,0,52,42,94,58,38,96,0,0,0,110,80,0
18307,11055,1,1026,1032,2058,1026,1049,2075,0,0,0,2052,2081,0
18307,11055,0,52,42,94,58,38,96,0,0,0,110,80,0
18307,11055,1,1026,1032,2058,1026,1049,2075,0,0,0,2052,2081,0
18307,11055,0,52,42,94,58,38,96,0,0,0,110,80,0
18307,11055,1,1026,1032,2058,1026,1049,2075,0,0,0,2052,2081,0
18307,11055,0,52,42,94,58,38,96,0,0,0,110,80,0
18307,11055,1,1026,1033,2059,1026,1049,2075,0,0,0,2052,2082,0
18307,11055,0,52,42,94,58,38,96,0,0,0,110,80,0
18307,11055,1,1027,1033,2060,1027,1050,2077,0,0,0,2054,2083,0
18307,11055,0,52,42,94,58,38,96,0,0,0,110,80,0
18307,11055,1,1027,1033,2060,1027,1050,2077,0,0,0,2054,2083,0
18307,11055,0,52,42,94,58,38,96,0,0,0,110,80,0
18307,11055,1,1027,1033,2060,1027,1050,2077,0,0,0,2054,2083,0
18307,11055,0,52,42,94,58,38,96,0,0,0,110,80,0
18307,11055,1,1027,1033,2060,1027,1050,2077,0,0,0,2054,2083,0
18307,11055,0,52,42,94,58,38,96,0,0,0,110,80,0
18307,11055,1,1027,1033,2060,1027,1051,2078,0,0,0,2054,2084,0
18307,11055,0,52,42,94,58,38,96,0,0,0,110,80,0
18307,11055,1,1027,1033,2060,1027,1051,2078,0,0,0,2054,2084,0
18307,11055,0,52,42,94,58,38,96,0,0,0,110,80,0
18307,11055,1,1027,1034,2061,1027,1051,2078,0,0,0,2054,2085,0
18307,11055,0,52,42,94,58,38,96,0,0,0,110,80,0
18307,11055,1,1027,1034,2061,1027,1051,2078,0,0,0,2054,2085,0
18307,11055,0,52,42,94,58,38,96,0,0,0,110,80,0
18307,11055,1,1027,1034,2061,1027,1051,2078,0,0,0,2054,2085,0
18307,11055,0,52,42,94,58,38,96,0,0,0,110,80,0
18307,11055,1,1028,1034,2062,1028,1051,2079,0,0,0,2056,2085,0
18307,11055,0,52,42,94,58,38,96,0,0,0,110,80,0
18307,11055,1,1028,1034,2062,1028,1051,2079,0,0,0,2056,2085,0
18307,11055,0,52,42,94,58,38,96,0,0,0,110,80,0
18307,11055,1,1028,1034,2062,1028,1051,2079,0,0,0,2056,2085,0
18307,11055,0,52,42,94,58,38,96,0,0,0,110,80,0
18307,11055,1,1028,1034,2062,1028,1051,2079,0,0,0,2056,2085,0
18307,11055,0,52,42,94,58,38,96,0,0,0,110,80,0
18307,11055,1,1028,1034,2062,1028,1051,2079,0,0,0,2056,2085,0
18307,11055,0,52,42,94,58,38,96,0,0,0,110,80,0
18307,11055,1,1028,1034,2062,1028,1052,2080,0,0,0,2056,2086,0
18307,11055,0,52,42,94,58,38,96,0,0,0,110,80,0
18307,11055,1,1028,1034,2062,1028,1052,2080,0,0,0,2056,2086,0
18307,11055,0,52,42,94,58,38,96,0,0,0,110,80,0
18307,11055,1,1028,1034,2062,1028,1052,2080,0,0,0,2056,2086,0
18307,11055,0,52,42,94,58,38,96,0,0,0,110,80,0
18307,11055,1,1028,1034,2062,1028,1052,2080,0,0,0,2056,2086,0
18307,11055,0,52,42,94,58,38,96,0,0,0,110,80,0
18307,11055,1,1029,1034,2063,1029,1052,2081,0,0,0,2058,2086,0
18307,11055,0,52,42,94,58,38,96,0,0,0,110,80,0
18307,11055,1,1029,1034,2063,1029,1052,2081,0,0,0,2058,2086,0
18307,11055,0,52,42,94,58,38,96,0,0,0,110,80,0
18307,11055,1,1029,1035,2064,1029,1052,2081,0,0,0,2058,2087,0
18307,11055,0,52,42,94,58,38,96,0,0,0,110,80,0
18307,11055,1,1029,1035,2064,1029,1052,2081,0,0,0,2058,2087,0
18307,11055,0,52,42,94,58,38,96,0,0,0,110,80,0
18307,11055,1,1029,1035,2064,1029,1052,2081,0,0,0,2058,2087,0
18307,11055,0,52,42,94,58,38,96,0,0,0,110,80,0
18307,11055,1,1029,1035,2064,1029,1053,2082,0,0,0,2058,2088,0
18307,11055,0,52,42,94,58,38,96,0,0,0,110,80,0
18307,11055,1,1029,1035,2064,1029,1053,2082,0,0,0,2058,2088,0
18307,11055,0,52,42,94,58,38,96,0,0,0,110,80,0
18307,11055,1,1029,1035,2064,1029,1053,2082,0,0,0,2058,2088,0
18307,11055,0,52,42,94,58,38,96,0,0,0,110,80,0
18307,11055,1,1029,1035,2064,1029,1053,2082,0,0,0,2058,2088,0
18307,11055,0,52,42,94,58,38,96,0,0,0,110,80,0
18307,11055,1,1030,1036,2066,1030,1053,2083,0,0,0,2060,2089,0
18307,11055,0,52,42,94,58,38,96,0,0,0,110,80,0
18307,11055,1,1030,1036,2066,1030,1053,2083,0,0,0,2060,2089,0
18307,11055,0,52,42,94,58,38,96,0,0,0,110,80,0
18307,11055,1,1030,1036,2066,1030,1053,2083,0,0,0,2060,2089,0
18307,11055,0,52,42,94,58,38,96,0,0,0,110,80,0
18307,11055,1,1030,1036,2066,1030,1053,2083,0,0,0,2060,2089,0
18307,11055,0,52,42,94,58,38,96,0,0,0,110,80,0
18307,11055,1,1030,1036,2066,1030,1053,2083,0,0,0,2060,2089,0
18307,11055,0,52,42,94,58,38,96,0,0,0,110,80,0
18307,11055,1,1030,1036,2066,1030,1053,2083,0,0,0,2060,2089,0
18307,11055,0,52,42,94,58,38,96,0,0,0,110,80,0
18307,11055,1,1030,1036,2066,1030,1054,2084,0,0,0,2060,2090,0
18307,11055,0,52,42,94,58,38,96,0,0,0,110,80,0
18307,11055,1,1030,1036,2066,1030,1054,2084,0,0,0,2060,2090,0
18307,11055,0,52,42,94,58,38,96,0,0,0,110,80,0
18307,11055,1,1030,1036,2066,1030,1054,2084,0,0,0,2060,2090,0
18307,11055,0,52,42,94,58,38,96,0,0,0,110,80,0
18307,11055,1,1031,1036,2067,1031,1054,2085,0,0,0,2062,2090,0
18307,11055,0,52,42,94,58,38,96,0,0,0,110,80,0
18307,11055,1,1031,1037,2068,1031,1054,2085,0,0,0,2062,2091,0
18307,11055,0,52,42,94,58,38,96,0,0,0,110,80,0
18307,11055,1,1031,1037,2068,1031,1055,2086,0,0,0,2062,2092,0
18307,11055,0,52,42,94,58,38,96,0,0,0,110,80,0
18307,11055,1,1031,1037,2068,1031,1055,2086,0,0,0,2062,2092,0
18307,11055,0,52,42,94,58,38,96,0,0,0,110,80,0
18307,11055,1,1031,1037,2068,1031,1055,2086,0,0,0,2062,2092,0
18307,11055,0,52,42,94,58,38,96,0,0,0,110,80,0
18307,11055,1,1031,1037,2068,1031,1055,2086,0,0,0,2062,2092,0
18307,11055,0,52,42,94,58,38,96,0,0,0,110,80,0
18307,11055,1,1031,1037,2068,1031,1055,2086,0,0,0,2062,2092,0
18307,11055,0,52,42,94,58,38,96,0,0,0,110,80,0
18307,11055,1,1031,1037,2068,1031,1055,2086,0,0,0,2062,2092,0
18307,11055,0,52,42,94,58,38,96,0,0,0,110,80,0
18307,11055,1,1031,1038,2069,1031,1055,2086,0,0,0,2062,2093,0
18307,11055,0,52,42,94,58,38,96,0,0,0,110,80,0
18307,11055,1,1032,1038,2070,1032,1055,2087,0,0,0,2064,2093,0
18307,11055,0,52,42,94,58,38,96,0,0,0,110,80,0
18307,11055,1,1032,1038,2070,1032,1055,2087,0,0,0,2064,2093,0
18307,11055,0,52,42,94,58,38,96,0,0,0,110,80,0
18307,11055,1,1032,1038,2070,1032,1055,2087,0,0,0,2064,2093,0
18307,11055,0,52,42,94,58,38,96,0,0,0,110,80,0
18307,11055,1,1032,1038,2070,1032,1055,2087,0,0,0,2064,2093,0
18307,11055,0,52,42,94,58,38,96,0,0,0,110,80,0
18307,11055,1,1032,1038,2070,1032,1055,2087,0,0,0,2064,2093,0
18307,11055,0,52,42,94,58,38,96,0,0,0,110,80,0
18307,11055,1,1032,1038,2070,1032,1055,2087,0,0,0,2064,2093,0
18307,11055,0,52,42,94,58,38,96,0,0,0,110,80,0
18307,11055,1,1032,1038,2070,1032,1056,2088,0,0,0,2064,2094,0
18307,11055,0,52,42,94,58,38,96,0,0,0,110,80,0
18307,11055,1,1032,1038,2070,1032,1056,2088,0,0,0,2064,2094,0
18307,11055,0,52,42,94,58,38,96,0,0,0,110,80,0
18307,11055,1,1032,1038,2070,1032,1056,2088,0,0,0,2064,2094,0
18307,11055,0,52,42,94,58,38,96,0,0,0,110,80,0
18307,11055,1,1033,1038,2071,1033,1056,2089,0,0,0,2066,2094,0
18307,11055,0,52,42,94,58,38,96,0,0,0,110,80,0
18307,11055,1,1033,1039,2072,1033,1056,2089,0,0,0,2066,2095,0
18307,11055,0,52,42,94,58,38,96,0,0,0,110,80,0
18307,11055,1,1033,1039,2072,1033,1056,2089,0,0,0,2066,2095,0
18307,11055,0,52,42,94,58,38,96,0,0,0,110,80,0
18307,11055,1,1033,1039,2072,1033,1056,2089,0,0,0,2066,2095,0
18307,11055,0,52,42,94,58,38,96,0,0,0,110,80,0
18307,11055,1,1033,1040,2073,1033,1057,2090,0,0,0,2066,2097,0
18307,11055,0,52,42,94,58,38,96,0,0,0,110,80,0
18307,11055,1,1033,1040,2073,1033,1057,2090,0,0,0,2066,2097,0
18307,11055,0,52,42,94,58,38,96,0,0,0,110,80,0
18307,11055,1,1033,1040,2073,1033,1057,2090,0,0,0,2066,2097,0
18307,11055,0,52,42,94,58,38,96,0,0,0,110,80,0
18307,11055,1,1033,1040,2073,1033,1057,2090,0,0,0,2066,2097,0
18307,11055,0,52,42,94,58,38,96,0,0,0,110,80,0
18307,11055,1,1033,1040,2073,1033,1057,2090,0,0,0,2066,2097,0
18307,11055,0,52,42,94,58,38,96,0,0,0,110,80,0
18307,11055,1,1034,1040,2074,1034,1057,2091,0,0,0,2068,2097,0
18307,11055,0,52,42,94,58,38,96,0,0,0,110,80,0
18307,11055,1,1034,1040,2074,1034,1057,2091,0,0,0,2068,2097,0
18307,11055,0,52,42,94,58,38,96,0,0,0,110,80,0
18307,11055,1,1034,1040,2074,1034,1057,2091,0,0,0,2068,2097,0
18307,11055,0,52,42,94,58,38,96,0,0,0,110,80,0
18307,11055,1,1034,1040,2074,1034,1057,2091,0,0,0,2068,2097,0
18307,11055,0,52,42,94,58,38,96,0,0,0,110,80,0
18307,11055,1,1034,1040,2074,1034,1058,2092,0,0,0,2068,2098,0
18307,11055,0,52,42,94,58,38,96,0,0,0,110,80,0
18307,11055,1,1034,1040,2074,1034,1058,2092,0,0,0,2068,2098,0
18307,11055,0,52,42,94,58,38,96,0,0,0,110,80,0
18307,11055,1,1034,1040,2074,1034,1058,2092,0,0,0,2068,2098,0
18307,11055,0,52,42,94,58,38,96,0,0,0,110,80,0
18307,11055,1,1034,1040,2074,1034,1058,2092,0,0,0,2068,2098,0
18307,11055,0,52,42,94,58,38,96,0,0,0,110,80,0
18307,11055,1,1034,1040,2074,1034,1058,2092,0,0,0,2068,2098,0
18307,11055,0,52,42,94,58,38,96,0,0,0,110,80,0
18307,11055,1,1035,1040,2075,1035,1058,2093,0,0,0,2070,2098,0
18307,11055,0,52,42,94,58,38,96,0,0,0,110,80,0
18307,11055,1,1035,1040,2075,1035,1059,2094,0,0,0,2070,2099,0
18307,11055,0,52,42,94,58,38,96,0,0,0,110,80,0
18307,11055,1,1035,1040,2075,1035,1059,2094,0,0,0,2070,2099,0
18307,11055,0,52,42,94,58,38,96,0,0,0,110,80,0
18307,11055,1,1035,1040,2075,1035,1059,2094,0,0,0,2070,2099,0
18307,11055,0,52,42,94,58,38,96,0,0,0,110,80,0
18307,11055,1,1035,1041,2076,1035,1059,2094,0,0,0,2070,2100,0
18307,11055,0,52,42,94,58,38,96,0,0,0,110,80,0
18307,11055,1,1035,1041,2076,1035,1059,2094,0,0,0,2070,2100,0
18307,11055,0,52,42,94,58,38,96,0,0,0,110,80,0
18307,11055,1,1035,1041,2076,1035,1059,2094,0,0,0,2070,2100,0
18307,11055,0,52,42,94,58,38,96,0,0,0,110,80,0
18307,11055,1,1035,1041,2076,1035,1059,2094,0,0,0,2070,2100,0
18307,11055,0,52,42,94,58,38,96,0,0,0,110,80,0
18307,11055,1,1035,1041,2076,1035,1059,2094,0,0,0,2070,2100,0
18307,11055,0,52,42,94,58,38,96,0,0,0,110,80,0
18307,11055,1,1036,1041,2077,1036,1059,2095,0,0,0,2072,2100,0
18307,11055,0,52,42,94,58,38,96,0,0,0,110,80,0
18307,11055,1,1036,1041,2077,1036,1059,2095,0,0,0,2072,2100,0
18307,11055,0,52,42,94,58,38,96,0,0,0,110,80,0
18307,11055,1,1036,1041,2077,1036,1059,2095,0,0,0,2072,2100,0
18307,11055,0,52,42,94,58,38,96,0,0,0,110,80,0
18307,11055,1,1036,1041,2077,1036,1059,2095,0,0,0,2072,2100,0
18307,11055,0,52,42,94,58,38,96,0,0,0,110,80,0
18307,11055,1,1036,1041,2077,1036,1060,2096,0,0,0,2072,2101,0
18307,11055,0,52,42,94,58,38,96,0,0,0,110,80,0
18307,11055,1,1036,1042,2078,1036,1060,2096,0,0,0,2072,2102,0
18307,11055,0,52,42,94,58,38,96,0,0,0,110,80,0
18307,11055,1,1036,1042,2078,1036,1060,2096,0,0,0,2072,2102,0
18307,11055,0,52,42,94,58,38,96,0,0,0,110,80,0
18307,11055,1,1036,1042,2078,1036,1060,2096,0,0,0,2072,2102,0
18307,11055,0,52,42,94,58,38,96,0,0,0,110,80,0
18307,11055,1,1036,1042,2078,1036,1060,2096,0,0,0,2072,2102,0
18307,11055,0,52,42,94,58,38,96,0,0,0,110,80,0
18307,11055,1,1036,1042,2078,1036,1060,2096,0,0,0,2072,2102,0
18307,11055,0,52,42,94,58,38,96,0,0,0,110,80,0
18307,11055,1,1036,1042,2078,1036,1060,2096,0,0,0,2072,2102,0
18307,11055,0,52,42,94,58,38,96,0,0,0,110,80,0
18307,11055,1,1037,1042,2079,1037,1060,2097,0,0,0,2074,2102,0
18307,11055,0,52,42,94,58,38,96,0,0,0,110,80,0
18307,11055,1,1037,1042,2079,1037,1060,2097,0,0,0,2074,2102,0
18307,11055,0,52,42,94,58,38,96,0,0,0,110,80,0
18307,11055,1,1037,1042,2079,1037,1060,2097,0,0,0,2074,2102,0
18307,11055,0,52,42,94,58,38,96,0,0,0,110,80,0
18307,11055,1,1037,1042,2079,1037,1060,2097,0,0,0,2074,2102,0
18307,11055,0,52,42,94,58,38,96,0,0,0,110,80,0
18307,11055,1,1037,1042,2079,1037,1061,2098,0,0,0,2074,2103,0
18307,11055,0,52,42,94,58,38,96,0,0,0,110,80,0
18307,11055,1,1037,1043,2080,1037,1061,2098,0,0,0,2074,2104,0
18307,11055,0,52,42,94,58,38,96,0,0,0,110,80,0
18307,11055,1,1037,1043,2080,1037,1061,2098,0,0,0,2074,2104,0
18307,11055,0,52,42,94,58,38,96,0,0,0,110,80,0
18307,11055,1,1037,1043,2080,1037,1061,2098,0,0,0,2074,2104,0
18307,11055,0,52,42,94,58,38,96,0,0,0,110,80,0
18307,11055,1,1037,1043,2080,1037,1061,2098,0,0,0,2074,2104,0
18307,11055,0,52,42,94,58,38,96,0,0,0,110,80,0
18307,11055,1,1038,1043,2081,1038,1061,2099,0,0,0,2076,2104,0
18307,11055,0,52,42,94,58,38,96,0,0,0,110,80,0
18307,11055,1,1038,1043,2081,1038,1061,2099,0,0,0,2076,2104,0
18307,11055,0,52,42,94,58,38,96,0,0,0,110,80,0
18307,11055,1,1038,1043,2081,1038,1061,2099,0,0,0,2076,2104,0
18307,11055,0,52,42,94,58,38,96,0,0,0,110,80,0
18307,11055,1,1038,1043,2081,1038,1061,2099,0,0,0,2076,2104,0
18307,11055,0,52,42,94,58,38,96,0,0,0,110,80,0
18307,11055,1,1038,1043,2081,1038,1062,2100,0,0,0,2076,2105,0
18307,11055,0,52,42,94,58,38,96,0,0,0,110,80,0
18307,11055,1,1038,1043,2081,1038,1062,2100,0,0,0,2076,2105,0
18307,11055,0,52,42,94,58,38,96,0,0,0,110,80,0
18307,11055,1,1038,1043,2081,1038,1062,2100,0,0,0,2076,2105,0
18307,11055,0,52,42,94,58,38,96,0,0,0,110,80,0
18307,11055,1,1038,1043,2081,1038,1062,2100,0,0,0,2076,2105,0
18307,11055,0,52,42,94,58,38,96,0,0,0,110,80,0
18307,11055,1,1038,1044,2082,1038,1062,2100,0,0,0,2076,2106,0
18307,11055,0,52,42,94,58,38,96,0,0,0,110,80,0
18307,11055,1,1039,1044,2083,1039,1062,2101,0,0,0,2078,2106,0
18307,11055,0,52,42,94,58,38,96,0,0,0,110,80,0
18307,11055,1,1039,1044,2083,1039,1062,2101,0,0,0,2078,2106,0
18307,11055,0,52,42,94,58,38,96,0,0,0,110,80,0
18307,11055,1,1039,1044,2083,1039,1062,2101,0,0,0,2078,2106,0
18307,11055,0,52,42,94,58,38,96,0,0,0,110,80,0
18307,11055,1,1039,1044,2083,1039,1062,2101,0,0,0,2078,2106,0
18307,11055,0,52,42,94,58,38,96,0,0,0,110,80,0
18307,11055,1,1039,1044,2083,1039,1062,2101,0,0,0,2078,2106,0
18307,11055,0,52,42,94,58,38,96,0,0,0,110,80,0
18307,11055,1,1039,1044,2083,1039,1063,2102,0,0,0,2078,2107,0
18307,11055,0,52,42,94,58,38,96,0,0,0,110,80,0
18307,11055,1,1039,1044,2083,1039,1063,2102,0,0,0,2078,2107,0
18307,11055,0,52,42,94,58,38,96,0,0,0,110,80,0
18307,11055,1,1039,1044,2083,1039,1063,2102,0,0,0,2078,2107,0
18307,11055,0,52,42,94,58,38,96,0,0,0,110,80,0
18307,11055,1,1039,1045,2084,1039,1063,2102,0,0,0,2078,2108,0
18307,11055,0,52,42,94,58,38,96,0,0,0,110,80,0
18307,11055,1,1040,1045,2085,1040,1063,2103,0,0,0,2080,2108,0
18307,11055,0,52,42,94,58,38,96,0,0,0,110,80,0
18307,11055,1,1040,1045,2085,1040,1063,2103,0,0,0,2080,2108,0
18307,11055,0,52,42,94,58,38,96,0,0,0,110,80,0
18307,11055,1,1040,1045,2085,1040,1064,2104,0,0,0,2080,2109,0
18307,11055,0,52,42,94,58,38,96,0,0,0,110,80,0
18307,11055,1,1040,1045,2085,1040,1064,2104,0,0,0,2080,2109,0
18307,11055,0,52,42,94,58,38,96,0,0,0,110,80,0
18307,11055,1,1040,1046,2086,1040,1064,2104,0,0,0,2080,2110,0
18307,11055,0,52,42,94,58,38,96,0,0,0,110,80,0
18307,11055,1,1040,1046,2086,1040,1064,2104,0,0,0,2080,2110,0
18307,11055,0,52,42,94,58,38,96,0,0,0,110,80,0
18307,11055,1,1040,1046,2086,1040,1064,2104,0,0,0,2080,2110,0
18307,11055,0,52,42,94,58,38,96,0,0,0,110,80,0
18307,11055,1,1040,1046,2086,1040,1064,2104,0,0,0,2080,2110,0
18307,11055,0,52,42,94,58,38,96,0,0,0,110,80,0
18307,11055,1,1040,1046,2086,1040,1064,2104,0,0,0,2080,2110,0
18307,11055,0,52,42,94,58,38,96,0,0,0,110,80,0
18307,11055,1,1040,1046,2086,1040,1064,2104,0,0,0,2080,2110,0
18307,11055,0,52,42,94,58,38,96,0,0,0,110,80,0
18307,11055,1,1041,1046,2087,1041,1064,2105,0,0,0,2082,2110,0
18307,11055,0,52,42,94,58,38,96,0,0,0,110,80,0
18307,11055,1,1041,1046,2087,1041,1065,2106,0,0,0,2082,2111,0
18307,11055,0,52,42,94,58,38,96,0,0,0,110,80,0
18307,11055,1,1041,1046,2087,1041,1065,2106,0,0,0,2082,2111,0
18307,11055,0,52,42,94,58,38,96,0,0,0,110,80,0
18307,11055,1,1041,1046,2087,1041,1065,2106,0,0,0,2082,2111,0
18307,11055,0,52,42,94,58,38,96,0,0,0,110,80,0
18307,11055,1,1041,1046,2087,1041,1065,2106,0,0,0,2082,2111,0
18307,11055,0,52,42,94,58,38,96,0,0,0,110,80,0
18307,11055,1,1041,1046,2087,1041,1065,2106,0,0,0,2082,2111,0
18307,11055,0,52,42,94,58,38,96,0,0,0,110,80,0
18307,11055,1,1041,1046,2087,1041,1065,2106,0,0,0,2082,2111,0
18307,11055,0,52,42,94,58,38,96,0,0,0,110,80,0
18307,11055,1,1041,1046,2087,1041,1065,2106,0,0,0,2082,2111,0
18307,11055,0,52,42,94,58,38,96,0,0,0,110,80,0
18307,11055,1,1041,1046,2087,1041,1065,2106,0,0,0,2082,2111,0
18307,11055,0,52,42,94,58,38,96,0,0,0,110,80,0
18307,11055,1,1042,1046,2088,1042,1065,2107,0,0,0,2084,2111,0
18307,11055,0,52,42,94,58,38,96,0,0,0,110,80,0
18307,11055,1,1042,1047,2089,1042,1065,2107,0,0,0,2084,2112,0
18307,11055,0,52,42,94,58,38,96,0,0,0,110,80,0
18307,11055,1,1042,1047,2089,1042,1066,2108,0,0,0,2084,2113,0
18307,11055,0,52,42,94,58,38,96,0,0,0,110,80,0
18307,11055,1,1042,1047,2089,1042,1066,2108,0,0,0,2084,2113,0
18307,11055,0,52,42,94,58,38,96,0,0,0,110,80,0
18307,11055,1,1042,1047,2089,1042,1066,2108,0,0,0,2084,2113,0
18307,11055,0,52,42,94,58,38,96,0,0,0,110,80,0
18307,11055,1,1042,1047,2089,1042,1066,2108,0,0,0,2084,2113,0
18307,11055,0,52,42,94,58,38,96,0,0,0,110,80,0
18307,11055,1,1042,1047,2089,1042,1066,2108,0,0,0,2084,2113,0
18307,11055,0,52,42,94,58,38,96,0,0,0,110,80,0
18307,11055,1,1042,1047,2089,1042,1066,2108,0,0,0,2084,2113,0
18307,11055,0,52,42,94,58,38,96,0,0,0,110,80,0
18307,11055,1,1042,1047,2089,1042,1066,2108,0,0,0,2084,2113,0
18307,11055,0,52,42,94,58,38,96,0,0,0,110,80,0
18307,11055,1,1043,1047,2090,1043,1066,2109,0,0,0,2086,2113,0
18307,11055,0,52,42,94,58,38,96,0,0,0,110,80,0
18307,11055,1,1043,1048,2091,1043,1066,2109,0,0,0,2086,2114,0
18307,11055,0,52,42,94,58,38,96,0,0,0,110,80,0
18307,11055,1,1043,1048,2091,1043,1067,2110,0,0,0,2086,2115,0
18307,11055,0,52,42,94,58,38,96,0,0,0,110,80,0
18307,11055,1,1043,1048,2091,1043,1067,2110,0,0,0,2086,2115,0
18307,11055,0,52,42,94,58,38,96,0,0,0,110,80,0
18307,11055,1,1043,1048,2091,1043,1067,2110,0,0,0,2086,2115,0
18307,11055,0,52,42,94,58,38,96,0,0,0,110,80,0
18307,11055,1,1043,1048,2091,1043,1067,2110,0,0,0,2086,2115,0
18307,11055,0,52,42,94,58,38,96,0,0,0,110,80,0
18307,11055,1,1043,1048,2091,1043,1067,2110,0,0,0,2086,2115,0
18307,11055,0,52,42,94,58,38,96,0,0,0,110,80,0
18307,11055,1,1043,1048,2091,1043,1067,2110,0,0,0,2086,2115,0
18307,11055,0,52,42,94,58,38,96,0,0,0,110,80,0
18307,11055,1,1043,1049,2092,1043,1068,2111,0,0,0,2086,2117,0
18307,11055,0,52,42,94,58,38,96,0,0,0,110,80,0
18307,11055,1,1044,1049,2093,1044,1068,2112,0,0,0,2088,2117,0
18307,11055,0,52,42,94,58,38,96,0,0,0,110,80,0
18307,11055,1,1044,1049,2093,1044,1068,2112,0,0,0,2088,2117,0
18307,11055,0,52,42,94,58,38,96,0,0,0,110,80,0
18307,11055,1,1044,1049,2093,1044,1068,2112,0,0,0,2088,2117,0
18307,11055,0,52,42,94,58,38,96,0,0,0,110,80,0
18307,11055,1,1044,1049,2093,1044,1069,2113,0,0,0,2088,2118,0
18307,11055,0,52,42,94,58,38,96,0,0,0,110,80,0
18307,11055,1,1044,1049,2093,1044,1069,2113,0,0,0,2088,2118,0
18307,11055,0,52,42,94,58,38,96,0,0,0,110,80,0
18307,11055,1,1044,1049,2093,1044,1069,2113,0,0,0,2088,2118,0
18307,11055,0,52,42,94,58,38,96,0,0,0,110,80,0
18307,11055,1,1044,1049,2093,1044,1069,2113,0,0,0,2088,2118,0
18307,11055,0,52,42,94,58,38,96,0,0,0,110,80,0
18307,11055,1,1044,1049,2093,1044,1069,2113,0,0,0,2088,2118,0
18307,11055,0,52,42,94,58,38,96,0,0,0,110,80,0
18307,11055,1,1044,1050,2094,1044,1069,2113,0,0,0,2088,2119,0
18307,11055,0,52,42,94,58,38,96,0,0,0,110,80,0
18307,11055,1,1044,1050,2094,1044,1069,2113,0,0,0,2088,2119,0
18307,11055,0,52,42,94,58,38,96,0,0,0,110,80,0
18307,11055,1,1045,1050,2095,1045,1069,2114,0,0,0,2090,2119,0
18307,11055,0,52,42,94,58,38,96,0,0,0,110,80,0
18307,11055,1,1045,1050,2095,1045,1069,2114,0,0,0,2090,2119,0
18307,11055,0,52,42,94,58,38,96,0,0,0,110,80,0
18307,11055,1,1045,1050,2095,1045,1069,2114,0,0,0,2090,2119,0
18307,11055,0,52,42,94,58,38,96,0,0,0,110,80,0
18307,11055,1,1045,1050,2095,1045,1069,2114,0,0,0,2090,2119,0
18307,11055,0,52,42,94,58,38,96,0,0,0,110,80,0
18307,11055,1,1045,1050,2095,1045,1069,2114,0,0,0,2090,2119,0
18307,11055,0,52,42,94,58,38,96,0,0,0,110,80,0
18307,11055,1,1045,1050,2095,1045,1069,2114,0,0,0,2090,2119,0
18307,11055,0,52,42,94,58,38,96,0,0,0,110,80,0
18307,11055,1,1045,1051,2096,1045,1069,2114,0,0,0,2090,2120,0
18307,11055,0,52,42,94,58,38,96,0,0,0,110,80,0
18307,11055,1,1045,1051,2096,1045,1070,2115,0,0,0,2090,2121,0
18307,11055,0,52,42,94,58,38,96,0,0,0,110,80,0
18307,11055,1,1045,1051,2096,1045,1070,2115,0,0,0,2090,2121,0
18307,11055,0,52,42,94,58,38,96,0,0,0,110,80,0
18307,11055,1,1046,1051,2097,1046,1070,2116,0,0,0,2092,2121,0
18307,11055,0,52,42,94,58,38,96,0,0,0,110,80,0
18307,11055,1,1046,1051,2097,1046,1070,2116,0,0,0,2092,2121,0
18307,11055,0,52,42,94,58,38,96,0,0,0,110,80,0
18307,11055,1,1046,1051,2097,1046,1070,2116,0,0,0,2092,2121,0
18307,11055,0,52,42,94,58,38,96,0,0,0,110,80,0
18307,11055,1,1046,1051,2097,1046,1070,2116,0,0,0,2092,2121,0
18307,11055,0,52,42,94,58,38,96,0,0,0,110,80,0
18307,11055,1,1046,1051,2097,1046,1070,2116,0,0,0,2092,2121,0
18307,11055,0,52,42,94,58,38,96,0,0,0,110,80,0
18307,11055,1,1046,1051,2097,1046,1070,2116,0,0,0,2092,2121,0
18307,11055,0,52,42,94,58,38,96,0,0,0,110,80,0
18307,11055,1,1046,1051,2097,1046,1070,2116,0,0,0,2092,2121,0
18307,11055,0,52,42,94,58,38,96,0,0,0,110,80,0
18307,11055,1,1046,1051,2097,1046,1070,2116,0,0,0,2092,2121,0
18307,11055,0,52,42,94,58,38,96,0,0,0,110,80,0
18307,11055,1,1046,1051,2097,1046,1071,2117,0,0,0,2092,2122,0
18307,11055,0,52,42,94,58,38,96,0,0,0,110,80,0
18307,11055,1,1046,1051,2097,1046,1071,2117,0,0,0,2092,2122,0
18307,11055,0,52,42,94,58,38,96,0,0,0,110,80,0
18307,11055,1,1047,1051,2098,1047,1071,2118,0,0,0,2094,2122,0
18307,11055,0,52,42,94,58,38,96,0,0,0,110,80,0
18307,11055,1,1047,1051,2098,1047,1071,2118,0,0,0,2094,2122,0
18307,11055,0,52,42,94,58,38,96,0,0,0,110,80,0
18307,11055,1,1047,1051,2098,1047,1071,2118,0,0,0,2094,2122,0
18307,11055,0,52,42,94,58,38,96,0,0,0,110,80,0
18307,11055,1,1047,1052,2099,1047,1071,2118,0,0,0,2094,2123,0
18307,11055,0,52,42,94,58,38,96,0,0,0,110,80,0
18307,11055,1,1047,1052,2099,1047,1071,2118,0,0,0,2094,2123,0
18307,11055,0,52,42,94,58,38,96,0,0,0,110,80,0
18307,11055,1,1047,1052,2099,1047,1071,2118,0,0,0,2094,2123,0
18307,11055,0,52,42,94,58,38,96,0,0,0,110,80,0
18307,11055,1,1047,1052,2099,1047,1071,2118,0,0,0,2094,2123,0
18307,11055,0,52,42,94,58,38,96,0,0,0,110,80,0
18307,11055,1,1047,1052,2099,1047,1072,2119,0,0,0,2094,2124,0
18307,11055,0,52,42,94,58,38,96,0,0,0,110,80,0
18307,11055,1,1047,1052,2099,1047,1072,2119,0,0,0,2094,2124,0
18307,11055,0,52,42,94,58,38,96,0,0,0,110,80,0
18307,11055,1,1048,1052,2100,1048,1072,2120,0,0,0,2096,2124,0
18307,11055,0,52,42,94,58,38,96,0,0,0,110,80,0
18307,11055,1,1048,1052,2100,1048,1072,2120,0,0,0,2096,2124,0
18307,11055,0,52,42,94,58,38,96,0,0,0,110,80,0
18307,11055,1,1048,1052,2100,1048,1072,2120,0,0,0,2096,2124,0
18307,11055,0,52,42,94,58,38,96,0,0,0,110,80,0
18307,11055,1,1048,1052,2100,1048,1072,2120,0,0,0,2096,2124,0
18307,11055,0,52,42,94,58,38,96,0,0,0,110,80,0
18307,11055,1,1048,1052,2100,1048,1072,2120,0,0,0,2096,2124,0
18307,11055,0,52,42,94,58,38,96,0,0,0,110,80,0
18307,11055,1,1048,1052,2100,1048,1072,2120,0,0,0,2096,2124,0
18307,11055,0,52,42,94,58,38,96,0,0,0,110,80,0
18307,11055,1,1048,1053,2101,1048,1073,2121,0,0,0,2096,2126,0
18307,11055,0,52,42,94,58,38,96,0,0,0,110,80,0
18307,11055,1,1048,1053,2101,1048,1073,2121,0,0,0,2096,2126,0
18307,11055,0,52,42,94,58,38,96,0,0,0,110,80,0
18307,11055,1,1048,1053,2101,1048,1073,2121,0,0,0,2096,2126,0
18307,11055,0,52,42,94,58,38,96,0,0,0,110,80,0
18307,11055,1,1049,1053,2102,1049,1073,2122,0,0,0,2098,2126,0
18307,11055,0,52,42,94,58,38,96,0,0,0,110,80,0
18307,11055,1,1049,1053,2102,1049,1073,2122,0,0,0,2098,2126,0
18307,11055,0,52,42,94,58,38,96,0,0,0,110,80,0
18307,11055,1,1049,1053,2102,1049,1073,2122,0,0,0,2098,2126,0
18307,11055,0,52,42,94,58,38,96,0,0,0,110,80,0
18307,11055,1,1049,1053,2102,1049,1073,2122,0,0,0,2098,2126,0
18307,11055,0,52,42,94,58,38,96,0,0,0,110,80,0
18307,11055,1,1049,1053,2102,1049,1073,2122,0,0,0,2098,2126,0
18307,11055,0,52,42,94,58,38,96,0,0,0,110,80,0
18307,11055,1,1049,1053,2102,1049,1073,2122,0,0,0,2098,2126,0
18307,11055,0,52,42,94,58,38,96,0,0,0,110,80,0
18307,11055,1,1049,1053,2102,1049,1074,2123,0,0,0,2098,2127,0
18307,11055,0,52,42,94,58,38,96,0,0,0,110,80,0
18307,11055,1,1049,1053,2102,1049,1074,2123,0,0,0,2098,2127,0
18307,11055,0,52,42,94,58,38,96,0,0,0,110,80,0
18307,11055,1,1049,1053,2102,1049,1074,2123,0,0,0,2098,2127,0
18307,11055,0,52,42,94,58,38,96,0,0,0,110,80,0
18307,11055,1,1049,1053,2102,1049,1074,2123,0,0,0,2098,2127,0
18307,11055,0,52,42,94,58,38,96,0,0,0,110,80,0
18307,11055,1,1050,1054,2104,1050,1074,2124,0,0,0,2100,2128,0
18307,11055,0,52,42,94,58,38,96,0,0,0,110,80,0
18307,11055,1,1050,1054,2104,1050,1074,2124,0,0,0,2100,2128,0
18307,11055,0,52,42,94,58,38,96,0,0,0,110,80,0
18307,11055,1,1050,1054,2104,1050,1074,2124,0,0,0,2100,2128,0
18307,11055,0,52,42,94,58,38,96,0,0,0,110,80,0
18307,11055,1,1050,1054,2104,1050,1074,2124,0,0,0,2100,2128,0
18307,11055,0,52,42,94,58,38,96,0,0,0,110,80,0
18307,11055,1,1050,1054,2104,1050,1074,2124,0,0,0,2100,2128,0
18307,11055,0,52,42,94,58,38,96,0,0,0,110,80,0
18307,11055,1,1050,1054,2104,1050,1074,2124,0,0,0,2100,2128,0
18307,11055,0,52,42,94,58,38,96,0,0,0,110,80,0
18307,11055,1,1050,1054,2104,1050,1074,2124,0,0,0,2100,2128,0
18307,11055,0,52,42,94,58,38,96,0,0,0,110,80,0
18307,11055,1,1050,1054,2104,1050,1074,2124,0,0,0,2100,2128,0
18307,11055,0,52,42,94,58,38,96,0,0,0,110,80,0
18307,11055,1,1050,1054,2104,1050,1075,2125,0,0,0,2100,2129,0
18307,11055,0,52,42,94,58,38,96,0,0,0,110,80,0
18307,11055,1,1051,1054,2105,1051,1075,2126,0,0,0,2102,2129,0
18307,11055,0,52,42,94,58,38,96,0,0,0,110,80,0
18307,11055,1,1051,1054,2105,1051,1075,2126,0,0,0,2102,2129,0
18307,11055,0,52,42,94,58,38,96,0,0,0,110,80,0
18307,11055,1,1051,1055,2106,1051,1075,2126,0,0,0,2102,2130,0
18307,11055,0,52,42,94,58,38,96,0,0,0,110,80,0
18307,11055,1,1051,1055,2106,1051,1075,2126,0,0,0,2102,2130,0
18307,11055,0,52,42,94,58,38,96,0,0,0,110,80,0
18307,11055,1,1051,1055,2106,1051,1075,2126,0,0,0,2102,2130,0
18307,11055,0,52,42,94,58,38,96,0,0,0,110,80,0
18307,11055,1,1051,1055,2106,1051,1076,2127,0,0,0,2102,2131,0
18307,11055,0,52,42,94,58,38,96,0,0,0,110,80,0
18307,11055,1,1051,1055,2106,1051,1076,2127,0,0,0,2102,2131,0
18307,11055,0,52,42,94,58,38,96,0,0,0,110,80,0
18307,11055,1,1051,1056,2107,1051,1076,2127,0,0,0,2102,2132,0
18307,11055,0,52,42,94,58,38,96,0,0,0,110,80,0
18307,11055,1,1051,1056,2107,1051,1076,2127,0,0,0,2102,2132,0
18307,11055,0,52,42,94,58,38,96,0,0,0,110,80,0
18307,11055,1,1051,1056,2107,1051,1076,2127,0,0,0,2102,2132,0
18307,11055,0,52,42,94,58,38,96,0,0,0,110,80,0
18307,11055,1,1052,1056,2108,1052,1076,2128,0,0,0,2104,2132,0
18307,11055,0,52,42,94,58,38,96,0,0,0,110,80,0
18307,11055,1,1052,1056,2108,1052,1076,2128,0,0,0,2104,2132,0
18307,11055,0,52,42,94,58,38,96,0,0,0,110,80,0
18307,11055,1,1052,1056,2108,1052,1076,2128,0,0,0,2104,2132,0
18307,11055,0,52,42,94,58,38,96,0,0,0,110,80,0
18307,11055,1,1052,1056,2108,1052,1076,2128,0,0,0,2104,2132,0
18307,11055,0,52,42,94,58,38,96,0,0,0,110,80,0
18307,11055,1,1052,1056,2108,1052,1076,2128,0,0,0,2104,2132,0
18307,11055,0,52,42,94,58,38,96,0,0,0,110,80,0
18307,11055,1,1052,1056,2108,1052,1077,2129,0,0,0,2104,2133,0
18307,11055,0,52,42,94,58,38,96,0,0,0,110,80,0
18307,11055,1,1052,1056,2108,1052,1077,2129,0,0,0,2104,2133,0
18307,11055,0,52,42,94,58,38,96,0,0,0,110,80,0
18307,11055,1,1052,1057,2109,1052,1077,2129,0,0,0,2104,2134,0
18307,11055,0,52,42,94,58,38,96,0,0,0,110,80,0
18307,11055,1,1052,1057,2109,1052,1077,2129,0,0,0,2104,2134,0
18307,11055,0,52,42,94,58,38,96,0,0,0,110,80,0
18307,11055,1,1053,1057,2110,1053,1077,2130,0,0,0,2106,2134,0
18307,11055,0,52,42,94,58,38,96,0,0,0,110,80,0
18307,11055,1,1053,1057,2110,1053,1077,2130,0,0,0,2106,2134,0
18307,11055,0,52,42,94,58,38,96,0,0,0,110,80,0
18307,11055,1,1053,1057,2110,1053,1077,2130,0,0,0,2106,2134,0
18307,11055,0,52,42,94,58,38,96,0,0,0,110,80,0
18307,11055,1,1053,1057,2110,1053,1077,2130,0,0,0,2106,2134,0
18307,11055,0,52,42,94,58,38,96,0,0,0,110,80,0
18307,11055,1,1053,1057,2110,1053,1078,2131,0,0,0,2106,2135,0
18307,11055,0,52,42,94,58,38,96,0,0,0,110,80,0
18307,11055,1,1053,1057,2110,1053,1078,2131,0,0,0,2106,2135,0
18307,11055,0,52,42,94,58,38,96,0,0,0,110,80,0
18307,11055,1,1053,1057,2110,1053,1078,2131,0,0,0,2106,2135,0
18307,11055,0,52,42,94,58,38,96,0,0,0,110,80,0
18307,11055,1,1053,1057,2110,1053,1078,2131,0,0,0,2106,2135,0
18307,11055,0,52,42,94,58,38,96,0,0,0,110,80,0
18307,11055,1,1053,1058,2111,1053,1078,2131,0,0,0,2106,2136,0
18307,11055,0,52,42,94,58,38,96,0,0,0,110,80,0
18307,11055,1,1053,1058,2111,1053,1078,2131,0,0,0,2106,2136,0
18307,11055,0,52,42,94,58,38,96,0,0,0,110,80,0
18307,11055,1,1054,1058,2112,1054,1078,2132,0,0,0,2108,2136,0
18307,11055,0,52,42,94,58,38,96,0,0,0,110,80,0
18307,11055,1,1054,1058,2112,1054,1078,2132,0,0,0,2108,2136,0
18307,11055,0,52,42,94,58,38,96,0,0,0,110,80,0
18307,11055,1,1054,1058,2112,1054,1078,2132,0,0,0,2108,2136,0
18307,11055,0,52,42,94,58,38,96,0,0,0,110,80,0
18307,11055,1,1054,1058,2112,1054,1078,2132,0,0,0,2108,2136,0
18307,11055,0,52,42,94,58,38,96,0,0,0,110,80,0
18307,11055,1,1054,1058,2112,1054,1078,2132,0,0,0,2108,2136,0
18307,11055,0,52,42,94,58,38,96,0,0,0,110,80,0
18307,11055,1,1054,1058,2112,1054,1078,2132,0,0,0,2108,2136,0
18307,11055,0,52,42,94,58,38,96,0,0,0,110,80,0
18307,11055,1,1054,1058,2112,1054,1079,2133,0,0,0,2108,2137,0
18307,11055,0,52,42,94,58,38,96,0,0,0,110,80,0
18307,11055,1,1054,1058,2112,1054,1079,2133,0,0,0,2108,2137,0
18307,11055,0,52,42,94,58,38,96,0,0,0,110,80,0
18307,11055,1,1054,1058,2112,1054,1079,2133,0,0,0,2108,2137,0
18307,11055,0,52,42,94,58,38,96,0,0,0,110,80,0
18307,11055,1,1055,1058,2113,1055,1079,2134,0,0,0,2110,2137,0
18307,11055,0,52,42,94,58,38,96,0,0,0,110,80,0
18307,11055,1,1055,1058,2113,1055,1079,2134,0,0,0,2110,2137,0
18307,11055,0,52,42,94,58,38,96,0,0,0,110,80,0
18307,11055,1,1055,1058,2113,1055,1079,2134,0,0,0,2110,2137,0
18307,11055,0,52,42,94,58,38,96,0,0,0,110,80,0
18307,11055,1,1055,1059,2114,1055,1079,2134,0,0,0,2110,2138,0
18307,11055,0,52,42,94,58,38,96,0,0,0,110,80,0
18307,11055,1,1055,1059,2114,1055,1079,2134,0,0,0,2110,2138,0
18307,11055,0,52,42,94,58,38,96,0,0,0,110,80,0
18307,11055,1,1055,1059,2114,1055,1079,2134,0,0,0,2110,2138,0
18307,11055,0,52,42,94,58,38,96,0,0,0,110,80,0
18307,11055,1,1055,1059,2114,1055,1079,2134,0,0,0,2110,2138,0
18307,11055,0,52,42,94,58,38,96,0,0,0,110,80,0
18307,11055,1,1055,1059,2114,1055,1080,2135,0,0,0,2110,2139,0
18307,11055,0,52,42,94,58,38,96,0,0,0,110,80,0
18307,11055,1,1055,1059,2114,1055,1080,2135,0,0,0,2110,2139,0
18307,11055,0,52,42,94,58,38,96,0,0,0,110,80,0
18307,11055,1,1055,1059,2114,1055,1080,2135,0,0,0,2110,2139,0
18307,11055,0,52,42,94,58,38,96,0,0,0,110,80,0
18307,11055,1,1055,1059,2114,1055,1080,2135,0,0,0,2110,2139,0
18307,11055,0,52,42,94,58,38,96,0,0,0,110,80,0
18307,11055,1,1056,1060,2116,1056,1080,2136,0,0,0,2112,2140,0
18307,11055,0,52,42,94,58,38,96,0,0,0,110,80,0
18307,11055,1,1056,1060,2116,1056,1080,2136,0,0,0,2112,2140,0
18307,11055,0,52,42,94,58,38,96,0,0,0,110,80,0
18307,11055,1,1056,1060,2116,1056,1080,2136,0,0,0,2112,2140,0
18307,11055,0,52,42,94,58,38,96,0,0,0,110,80,0
18307,11055,1,1056,1060,2116,1056,1080,2136,0,0,0,2112,2140,0
18307,11055,0,52,42,94,58,38,96,0,0,0,110,80,0
18307,11055,1,1056,1060,2116,1056,1080,2136,0,0,0,2112,2140,0
18307,11055,0,52,42,94,58,38,96,0,0,0,110,80,0
18307,11055,1,1056,1060,2116,1056,1081,2137,0,0,0,2112,2141,0
18307,11055,0,52,42,94,58,38,96,0,0,0,110,80,0
18307,11055,1,1056,1061,2117,1056,1081,2137,0,0,0,2112,2142,0
18307,11055,0,52,42,94,58,38,96,0,0,0,110,80,0
18307,11055,1,1056,1061,2117,1056,1081,2137,0,0,0,2112,2142,0
18307,11055,0,52,42,94,58,38,96,0,0,0,110,80,0
18307,11055,1,1056,1061,2117,1056,1081,2137,0,0,0,2112,2142,0
18307,11055,0,52,42,94,58,38,96,0,0,0,110,80,0
18307,11055,1,1057,1061,2118,1057,1081,2138,0,0,0,2114,2142,0
18307,11055,0,52,42,94,58,38,96,0,0,0,110,80,0
18307,11055,1,1057,1061,2118,1057,1082,2139,0,0,0,2114,2143,0
18307,11055,0,52,42,94,58,38,96,0,0,0,110,80,0
18307,11055,1,1057,1061,2118,1057,1082,2139,0,0,0,2114,2143,0
18307,11055,0,52,42,94,58,38,96,0,0,0,110,80,0
18307,11055,1,1057,1061,2118,1057,1082,2139,0,0,0,2114,2143,0
18307,11055,0,52,42,94,58,38,96,0,0,0,110,80,0
18307,11055,1,1057,1061,2118,1057,1082,2139,0,0,0,2114,2143,0
18307,11055,0,52,42,94,58,38,96,0,0,0,110,80,0
18307,11055,1,1057,1061,2118,1057,1082,2139,0,0,0,2114,2143,0
18307,11055,0,52,42,94,58,38,96,0,0,0,110,80,0
18307,11055,1,1057,1061,2118,1057,1082,2139,0,0,0,2114,2143,0
18307,11055,0,52,42,94,58,38,96,0,0,0,110,80,0
18307,11055,1,1057,1061,2118,1057,1082,2139,0,0,0,2114,2143,0
18307,11055,0,52,42,94,58,38,96,0,0,0,110,80,0
18307,11055,1,1057,1062,2119,1057,1082,2139,0,0,0,2114,2144,0
18307,11055,0,52,42,94,58,38,96,0,0,0,110,80,0
18307,11055,1,1057,1062,2119,1057,1082,2139,0,0,0,2114,2144,0
18307,11055,0,52,42,94,58,38,96,0,0,0,110,80,0
18307,11055,1,1058,1062,2120,1058,1082,2140,0,0,0,2116,2144,0
18307,11055,0,52,42,94,58,38,96,0,0,0,110,80,0
18307,11055,1,1058,1062,2120,1058,1082,2140,0,0,0,2116,2144,0
18307,11055,0,52,42,94,58,38,96,0,0,0,110,80,0
18307,11055,1,1058,1062,2120,1058,1082,2140,0,0,0,2116,2144,0
18307,11055,0,52,42,94,58,38,96,0,0,0,110,80,0
18307,11055,1,1058,1062,2120,1058,1083,2141,0,0,0,2116,2145,0
18307,11055,0,52,42,94,58,38,96,0,0,0,110,80,0
18307,11055,1,1058,1062,2120,1058,1083,2141,0,0,0,2116,2145,0
18307,11055,0,52,42,94,58,38,96,0,0,0,110,80,0
18307,11055,1,1058,1062,2120,1058,1083,2141,0,0,0,2116,2145,0
18307,11055,0,52,42,94,58,38,96,0,0,0,110,80,0
18307,11055,1,1058,1062,2120,1058,1083,2141,0,0,0,2116,2145,0
18307,11055,0,52,42,94,58,38,96,0,0,0,110,80,0
18307,11055,1,1058,1062,2120,1058,1083,2141,0,0,0,2116,2145,0
18307,11055,0,52,42,94,58,38,96,0,0,0,110,80,0
18307,11055,1,1058,1062,2120,1058,1084,2142,0,0,0,2116,2146,0
18307,11055,0,52,42,94,58,38,96,0,0,0,110,80,0
18307,11055,1,1059,1062,2121,1059,1084,2143,0,0,0,2118,2146,0
18307,11055,0,52,42,94,58,38,96,0,0,0,110,80,0
18307,11055,1,1059,1062,2121,1059,1084,2143,0,0,0,2118,2146,0
18307,11055,0,52,42,94,58,38,96,0,0,0,110,80,0
18307,11055,1,1059,1062,2121,1059,1084,2143,0,0,0,2118,2146,0
18307,11055,0,52,42,94,58,38,96,0,0,0,110,80,0
18307,11055,1,1059,1062,2121,1059,1084,2143,0,0,0,2118,2146,0
18307,11055,0,52,42,94,58,38,96,0,0,0,110,80,0
18307,11055,1,1059,1062,2121,1059,1084,2143,0,0,0,2118,2146,0
18307,11055,0,52,42,94,58,38,96,0,0,0,110,80,0
18307,11055,1,1059,1062,2121,1059,1084,2143,0,0,0,2118,2146,0
18307,11055,0,52,42,94,58,38,96,0,0,0,110,80,0
18307,11055,1,1059,1062,2121,1059,1084,2143,0,0,0,2118,2146,0
18307,11055,0,52,42,94,58,38,96,0,0,0,110,80,0
18307,11055,1,1059,1062,2121,1059,1084,2143,0,0,0,2118,2146,0
18307,11055,0,52,42,94,58,38,96,0,0,0,110,80,0
18307,11055,1,1059,1062,2121,1059,1084,2143,0,0,0,2118,2146,0
18307,11055,0,52,42,94,58,38,96,0,0,0,110,80,0
18307,11055,1,1059,1062,2121,1059,1085,2144,0,0,0,2118,2147,0
18307,11055,0,52,42,94,58,38,96,0,0,0,110,80,0
18307,11055,1,1060,1062,2122,1060,1085,2145,0,0,0,2120,2147,0
18307,11055,0,52,42,94,58,38,96,0,0,0,110,80,0
18307,11055,1,1060,1062,2122,1060,1085,2145,0,0,0,2120,2147,0
18307,11055,0,52,42,94,58,38,96,0,0,0,110,80,0
18307,11055,1,1060,1063,2123,1060,1085,2145,0,0,0,2120,2148,0
18307,11055,0,52,42,94,58,38,96,0,0,0,110,80,0
18307,11055,1,1060,1063,2123,1060,1085,2145,0,0,0,2120,2148,0
18307,11055,0,52,42,94,58,38,96,0,0,0,110,80,0
18307,11055,1,1060,1063,2123,1060,1085,2145,0,0,0,2120,2148,0
18307,11055,0,52,42,94,58,38,96,0,0,0,110,80,0
18307,11055,1,1060,1063,2123,1060,1085,2145,0,0,0,2120,2148,0
18307,11055,0,52,42,94,58,38,96,0,0,0,110,80,0
18307,11055,1,1060,1063,2123,1060,1086,2146,0,0,0,2120,2149,0
18307,11055,0,52,42,94,58,38,96,0,0,0,110,80,0
18307,11055,1,1060,1064,2124,1060,1086,2146,0,0,0,2120,2150,0
18307,11055,0,52,42,94,58,38,96,0,0,0,110,80,0
18307,11055,1,1060,1064,2124,1060,1086,2146,0,0,0,2120,2150,0
18307,11055,0,52,42,94,58,38,96,0,0,0,110,80,0
18307,11055,1,1061,1064,2125,1061,1086,2147,0,0,0,2122,2150,0
18307,11055,0,52,42,94,58,38,96,0,0,0,110,80,0
18307,11055,1,1061,1064,2125,1061,1086,2147,0,0,0,2122,2150,0
18307,11055,0,52,42,94,58,38,96,0,0,0,110,80,0
18307,11055,1,1061,1064,2125,1061,1086,2147,0,0,0,2122,2150,0
18307,11055,0,52,42,94,58,38,96,0,0,0,110,80,0
18307,11055,1,1061,1064,2125,1061,1086,2147,0,0,0,2122,2150,0
18307,11055,0,52,42,94,58,38,96,0,0,0,110,80,0
18307,11055,1,1061,1064,2125,1061,1086,2147,0,0,0,2122,2150,0
18307,11055,0,52,42,94,58,38,96,0,0,0,110,80,0
18307,11055,1,1061,1065,2126,1061,1086,2147,0,0,0,2122,2151,0
18307,11055,0,52,42,94,58,38,96,0,0,0,110,80,0
18307,11055,1,1061,1065,2126,1061,1086,2147,0,0,0,2122,2151,0
18307,11055,0,52,42,94,58,38,96,0,0,0,110,80,0
18307,11055,1,1061,1065,2126,1061,1087,2148,0,0,0,2122,2152,0
18307,11055,0,52,42,94,58,38,96,0,0,0,110,80,0
18307,11055,1,1061,1065,2126,1061,1087,2148,0,0,0,2122,2152,0
18307,11055,0,52,42,94,58,38,96,0,0,0,110,80,0
18307,11055,1,1062,1065,2127,1062,1087,2149,0,0,0,2124,2152,0
18307,11055,0,52,42,94,58,38,96,0,0,0,110,80,0
18307,11055,1,1062,1065,2127,1062,1087,2149,0,0,0,2124,2152,0
18307,11055,0,52,42,94,58,38,96,0,0,0,110,80,0
18307,11055,1,1062,1065,2127,1062,1087,2149,0,0,0,2124,2152,0
18307,11055,0,52,42,94,58,38,96,0,0,0,110,80,0
18307,11055,1,1062,1065,2127,1062,1087,2149,0,0,0,2124,2152,0
18307,11055,0,52,42,94,58,38,96,0,0,0,110,80,0
18307,11055,1,1062,1065,2127,1062,1087,2149,0,0,0,2124,2152,0
18307,11055,0,52,42,94,58,38,96,0,0,0,110,80,0
18307,11055,1,1062,1065,2127,1062,1087,2149,0,0,0,2124,2152,0
18307,11055,0,52,42,94,58,38,96,0,0,0,110,80,0
18307,11055,1,1062,1065,2127,1062,1087,2149,0,0,0,2124,2152,0
18307,11055,0,52,42,94,58,38,96,0,0,0,110,80,0
18307,11055,1,1062,1066,2128,1062,1087,2149,0,0,0,2124,2153,0
18307,11055,0,52,42,94,58,38,96,0,0,0,110,80,0
18307,11055,1,1062,1066,2128,1062,1088,2150,0,0,0,2124,2154,0
18307,11055,0,52,42,94,58,38,96,0,0,0,110,80,0
18307,11055,1,1063,1066,2129,1063,1088,2151,0,0,0,2126,2154,0
18307,11055,0,52,42,94,58,38,96,0,0,0,110,80,0
18307,11055,1,1063,1066,2129,1063,1088,2151,0,0,0,2126,2154,0
18307,11055,0,52,42,94,58,38,96,0,0,0,110,80,0
18307,11055,1,1063,1066,2129,1063,1088,2151,0,0,0,2126,2154,0
18307,11055,0,52,42,94,58,38,96,0,0,0,110,80,0
18307,11055,1,1063,1066,2129,1063,1088,2151,0,0,0,2126,2154,0
18307,11055,0,52,42,94,58,38,96,0,0,0,110,80,0
18307,11055,1,1063,1066,2129,1063,1088,2151,0,0,0,2126,2154,0
18307,11055,0,52,42,94,58,38,96,0,0,0,110,80,0
18307,11055,1,1063,1066,2129,1063,1088,2151,0,0,0,2126,2154,0