benchmark,freq0,freq1,p-value
imagepr,lat1.25ghz,lat1.25ghz,1.0
imagepr,lat1.25ghz,lat3.25ghz,0.0334782745382974
imagepr,lat1.25ghz,lat1.0ghz,0.3721083307918155
imagepr,lat1.25ghz,lat1.5ghz,0.3223963931070317
imagepr,lat1.25ghz,lat4.0ghz,0.1266110955756814
imagepr,lat1.25ghz,lat3.5ghz,0.05609775409306572
imagepr,lat1.25ghz,lat3.0ghz,0.02185101152684265
imagepr,lat1.25ghz,lat2.75ghz,0.050762696291204314
imagepr,lat1.25ghz,lat2.0ghz,0.0478057953309806
imagepr,lat1.25ghz,lat1.75ghz,0.5094483563706427
imagepr,lat1.25ghz,lat2.25ghz,0.625600222132717
imagepr,lat1.25ghz,lat3.75ghz,0.09623437101346739
imagepr,lat1.25ghz,lat2.5ghz,1.0
imagepr,lat3.25ghz,lat1.25ghz,0.0334782745382974
imagepr,lat3.25ghz,lat3.25ghz,1.0
imagepr,lat3.25ghz,lat1.0ghz,0.012981225784060198
imagepr,lat3.25ghz,lat1.5ghz,0.023692021809198736
imagepr,lat3.25ghz,lat4.0ghz,0.8747731200482236
imagepr,lat3.25ghz,lat3.5ghz,0.8728480113583195
imagepr,lat3.25ghz,lat3.0ghz,0.8747731200482236
imagepr,lat3.25ghz,lat2.75ghz,0.9970756931433443
imagepr,lat3.25ghz,lat2.0ghz,0.0026755810630713322
imagepr,lat3.25ghz,lat1.75ghz,0.01439505000611623
imagepr,lat3.25ghz,lat2.25ghz,0.013627509251314965
imagepr,lat3.25ghz,lat3.75ghz,0.76097406487377
imagepr,lat3.25ghz,lat2.5ghz,0.0614535705959121
imagepr,lat1.0ghz,lat1.25ghz,0.3721083307918155
imagepr,lat1.0ghz,lat3.25ghz,0.012981225784060198
imagepr,lat1.0ghz,lat1.0ghz,1.0
imagepr,lat1.0ghz,lat1.5ghz,0.5346712115320105
imagepr,lat1.0ghz,lat4.0ghz,0.049318866069877676
imagepr,lat1.0ghz,lat3.5ghz,0.01763540345278234
imagepr,lat1.0ghz,lat3.0ghz,0.005426750955662699
imagepr,lat1.0ghz,lat2.75ghz,0.012321503340630922
imagepr,lat1.0ghz,lat2.0ghz,0.1624120073498867
imagepr,lat1.0ghz,lat1.75ghz,0.9073219836857066
imagepr,lat1.0ghz,lat2.25ghz,0.9230285075328326
imagepr,lat1.0ghz,lat3.75ghz,0.04198002086141872
imagepr,lat1.0ghz,lat2.5ghz,0.6743312931711412
imagepr,lat1.5ghz,lat1.25ghz,0.3223963931070317
imagepr,lat1.5ghz,lat3.25ghz,0.023692021809198736
imagepr,lat1.5ghz,lat1.0ghz,0.5346712115320105
imagepr,lat1.5ghz,lat1.5ghz,1.0
imagepr,lat1.5ghz,lat4.0ghz,0.07297213632623661
imagepr,lat1.5ghz,lat3.5ghz,0.04014687282296444
imagepr,lat1.5ghz,lat3.0ghz,0.015942976768561844
imagepr,lat1.5ghz,lat2.75ghz,0.023692021809198736
imagepr,lat1.5ghz,lat2.0ghz,0.18063688161006308
imagepr,lat1.5ghz,lat1.75ghz,0.9227150779556011
imagepr,lat1.5ghz,lat2.25ghz,0.7904673042664971
imagepr,lat1.5ghz,lat3.75ghz,0.04860997039232806
imagepr,lat1.5ghz,lat2.5ghz,0.8588166326085065
imagepr,lat4.0ghz,lat1.25ghz,0.1266110955756814
imagepr,lat4.0ghz,lat3.25ghz,0.8747731200482236
imagepr,lat4.0ghz,lat1.0ghz,0.049318866069877676
imagepr,lat4.0ghz,lat1.5ghz,0.07297213632623661
imagepr,lat4.0ghz,lat4.0ghz,1.0
imagepr,lat4.0ghz,lat3.5ghz,0.781530842287596
imagepr,lat4.0ghz,lat3.0ghz,0.9581041121246177
imagepr,lat4.0ghz,lat2.75ghz,0.7684305979618725
imagepr,lat4.0ghz,lat2.0ghz,0.007597604683611504
imagepr,lat4.0ghz,lat1.75ghz,0.05375670497585928
imagepr,lat4.0ghz,lat2.25ghz,0.004912999132733995
imagepr,lat4.0ghz,lat3.75ghz,0.6311378610429
imagepr,lat4.0ghz,lat2.5ghz,0.03044560889951122
imagepr,lat3.5ghz,lat1.25ghz,0.05609775409306572
imagepr,lat3.5ghz,lat3.25ghz,0.8728480113583195
imagepr,lat3.5ghz,lat1.0ghz,0.01763540345278234
imagepr,lat3.5ghz,lat1.5ghz,0.04014687282296444
imagepr,lat3.5ghz,lat4.0ghz,0.781530842287596
imagepr,lat3.5ghz,lat3.5ghz,1.0
imagepr,lat3.5ghz,lat3.0ghz,0.7646996047810372
imagepr,lat3.5ghz,lat2.75ghz,0.8921311149906492
imagepr,lat3.5ghz,lat2.0ghz,0.003985583582522477
imagepr,lat3.5ghz,lat1.75ghz,0.023692021809198736
imagepr,lat3.5ghz,lat2.25ghz,0.020454457508772554
imagepr,lat3.5ghz,lat3.75ghz,0.8326117205915313
imagepr,lat3.5ghz,lat2.5ghz,0.08409494583418849
imagepr,lat3.0ghz,lat1.25ghz,0.02185101152684265
imagepr,lat3.0ghz,lat3.25ghz,0.8747731200482236
imagepr,lat3.0ghz,lat1.0ghz,0.005426750955662699
imagepr,lat3.0ghz,lat1.5ghz,0.015942976768561844
imagepr,lat3.0ghz,lat4.0ghz,0.9581041121246177
imagepr,lat3.0ghz,lat3.5ghz,0.7646996047810372
imagepr,lat3.0ghz,lat3.0ghz,1.0
imagepr,lat3.0ghz,lat2.75ghz,0.8402454078213364
imagepr,lat3.0ghz,lat2.0ghz,0.0017340828515656171
imagepr,lat3.0ghz,lat1.75ghz,0.009793451326211967
imagepr,lat3.0ghz,lat2.25ghz,0.008344032727925126
imagepr,lat3.0ghz,lat3.75ghz,0.6451008206764677
imagepr,lat3.0ghz,lat2.5ghz,0.0400789538365872
imagepr,lat2.75ghz,lat1.25ghz,0.050762696291204314
imagepr,lat2.75ghz,lat3.25ghz,0.9970756931433443
imagepr,lat2.75ghz,lat1.0ghz,0.012321503340630922
imagepr,lat2.75ghz,lat1.5ghz,0.023692021809198736
imagepr,lat2.75ghz,lat4.0ghz,0.7684305979618725
imagepr,lat2.75ghz,lat3.5ghz,0.8921311149906492
imagepr,lat2.75ghz,lat3.0ghz,0.8402454078213364
imagepr,lat2.75ghz,lat2.75ghz,1.0
imagepr,lat2.75ghz,lat2.0ghz,0.002842959676522817
imagepr,lat2.75ghz,lat1.75ghz,0.015942976768561844
imagepr,lat2.75ghz,lat2.25ghz,0.013254005643245016
imagepr,lat2.75ghz,lat3.75ghz,0.7553961566908277
imagepr,lat2.75ghz,lat2.5ghz,0.060010180617220556
imagepr,lat2.0ghz,lat1.25ghz,0.0478057953309806
imagepr,lat2.0ghz,lat3.25ghz,0.0026755810630713322
imagepr,lat2.0ghz,lat1.0ghz,0.1624120073498867
imagepr,lat2.0ghz,lat1.5ghz,0.18063688161006308
imagepr,lat2.0ghz,lat4.0ghz,0.007597604683611504
imagepr,lat2.0ghz,lat3.5ghz,0.003985583582522477
imagepr,lat2.0ghz,lat3.0ghz,0.0017340828515656171
imagepr,lat2.0ghz,lat2.75ghz,0.002842959676522817
imagepr,lat2.0ghz,lat2.0ghz,1.0
imagepr,lat2.0ghz,lat1.75ghz,0.20724211154284822
imagepr,lat2.0ghz,lat2.25ghz,0.520535478157706
imagepr,lat2.0ghz,lat3.75ghz,0.007738395527403691
imagepr,lat2.0ghz,lat2.5ghz,0.2599209220557859
imagepr,lat1.75ghz,lat1.25ghz,0.5094483563706427
imagepr,lat1.75ghz,lat3.25ghz,0.01439505000611623
imagepr,lat1.75ghz,lat1.0ghz,0.9073219836857066
imagepr,lat1.75ghz,lat1.5ghz,0.9227150779556011
imagepr,lat1.75ghz,lat4.0ghz,0.05375670497585928
imagepr,lat1.75ghz,lat3.5ghz,0.023692021809198736
imagepr,lat1.75ghz,lat3.0ghz,0.009793451326211967
imagepr,lat1.75ghz,lat2.75ghz,0.015942976768561844
imagepr,lat1.75ghz,lat2.0ghz,0.20724211154284822
imagepr,lat1.75ghz,lat1.75ghz,1.0
imagepr,lat1.75ghz,lat2.25ghz,0.8619320737878301
imagepr,lat1.75ghz,lat3.75ghz,0.03955111022584798
imagepr,lat1.75ghz,lat2.5ghz,0.7550893145705139
imagepr,lat2.25ghz,lat1.25ghz,0.625600222132717
imagepr,lat2.25ghz,lat3.25ghz,0.013627509251314965
imagepr,lat2.25ghz,lat1.0ghz,0.9230285075328326
imagepr,lat2.25ghz,lat1.5ghz,0.7904673042664971
imagepr,lat2.25ghz,lat4.0ghz,0.004912999132733995
imagepr,lat2.25ghz,lat3.5ghz,0.020454457508772554
imagepr,lat2.25ghz,lat3.0ghz,0.008344032727925126
imagepr,lat2.25ghz,lat2.75ghz,0.013254005643245016
imagepr,lat2.25ghz,lat2.0ghz,0.520535478157706
imagepr,lat2.25ghz,lat1.75ghz,0.8619320737878301
imagepr,lat2.25ghz,lat2.25ghz,1.0
imagepr,lat2.25ghz,lat3.75ghz,0.03631634181006367
imagepr,lat2.25ghz,lat2.5ghz,0.5118737813617238
imagepr,lat3.75ghz,lat1.25ghz,0.09623437101346739
imagepr,lat3.75ghz,lat3.25ghz,0.76097406487377
imagepr,lat3.75ghz,lat1.0ghz,0.04198002086141872
imagepr,lat3.75ghz,lat1.5ghz,0.04860997039232806
imagepr,lat3.75ghz,lat4.0ghz,0.6311378610429
imagepr,lat3.75ghz,lat3.5ghz,0.8326117205915313
imagepr,lat3.75ghz,lat3.0ghz,0.6451008206764677
imagepr,lat3.75ghz,lat2.75ghz,0.7553961566908277
imagepr,lat3.75ghz,lat2.0ghz,0.007738395527403691
imagepr,lat3.75ghz,lat1.75ghz,0.03955111022584798
imagepr,lat3.75ghz,lat2.25ghz,0.03631634181006367
imagepr,lat3.75ghz,lat3.75ghz,1.0
imagepr,lat3.75ghz,lat2.5ghz,0.13620221870688143
imagepr,lat2.5ghz,lat1.25ghz,1.0
imagepr,lat2.5ghz,lat3.25ghz,0.0614535705959121
imagepr,lat2.5ghz,lat1.0ghz,0.6743312931711412
imagepr,lat2.5ghz,lat1.5ghz,0.8588166326085065
imagepr,lat2.5ghz,lat4.0ghz,0.03044560889951122
imagepr,lat2.5ghz,lat3.5ghz,0.08409494583418849
imagepr,lat2.5ghz,lat3.0ghz,0.0400789538365872
imagepr,lat2.5ghz,lat2.75ghz,0.060010180617220556
imagepr,lat2.5ghz,lat2.0ghz,0.2599209220557859
imagepr,lat2.5ghz,lat1.75ghz,0.7550893145705139
imagepr,lat2.5ghz,lat2.25ghz,0.5118737813617238
imagepr,lat2.5ghz,lat3.75ghz,0.13620221870688143
imagepr,lat2.5ghz,lat2.5ghz,1.0
linpack,4.25ghz,4.25ghz,1.0
linpack,4.25ghz,1.75ghz,0.8461535661468554
linpack,4.25ghz,2.25ghz,0.5219814481957432
linpack,4.25ghz,4.0ghz,0.3516793716607548
linpack,4.25ghz,3.75ghz,0.42631291323985965
linpack,4.25ghz,1.0ghz,0.20724211154284822
linpack,4.25ghz,2.5ghz,0.15665606830628992
linpack,4.25ghz,1.5ghz,0.6139282580548475
linpack,4.25ghz,3.25ghz,0.06528948950848884
linpack,4.25ghz,2.75ghz,0.6139282580548475
linpack,4.25ghz,4.75ghz,0.9690453003117911
linpack,4.25ghz,4.5ghz,0.2772314876173122
linpack,4.25ghz,5.0ghz,0.01888745461845923
linpack,4.25ghz,1.25ghz,0.7123855280840246
linpack,4.25ghz,2.0ghz,0.14031564937735788
linpack,4.25ghz,3.5ghz,0.013007466607958674
linpack,4.25ghz,3.0ghz,0.415118275851869
linpack,1.75ghz,4.25ghz,0.8461535661468554
linpack,1.75ghz,1.75ghz,1.0
linpack,1.75ghz,2.25ghz,0.3516793716607548
linpack,1.75ghz,4.0ghz,0.268742772421077
linpack,1.75ghz,3.75ghz,0.2859010589675479
linpack,1.75ghz,1.0ghz,0.13017242401938045
linpack,1.75ghz,2.5ghz,0.12060767859094357
linpack,1.75ghz,1.5ghz,0.9690453003117911
linpack,1.75ghz,3.25ghz,0.0436020520360401
linpack,1.75ghz,2.75ghz,0.5094483563706427
linpack,1.75ghz,4.75ghz,0.6003641276866312
linpack,1.75ghz,4.5ghz,0.6694793348058024
linpack,1.75ghz,5.0ghz,0.013733404308894272
linpack,1.75ghz,1.25ghz,0.8309905299998261
linpack,1.75ghz,2.0ghz,0.10730258670433653
linpack,1.75ghz,3.5ghz,0.007415319687152019
linpack,1.75ghz,3.0ghz,0.39325715704186925
linpack,2.25ghz,4.25ghz,0.5219814481957432
linpack,2.25ghz,1.75ghz,0.3516793716607548
linpack,2.25ghz,2.25ghz,1.0
linpack,2.25ghz,4.0ghz,0.5869371700692589
linpack,2.25ghz,3.75ghz,1.0
linpack,2.25ghz,1.0ghz,0.2772314876173122
linpack,2.25ghz,2.5ghz,0.42631291323985965
linpack,2.25ghz,1.5ghz,0.497074660807861
linpack,2.25ghz,3.25ghz,0.07745301640549514
linpack,2.25ghz,2.75ghz,0.7415144763294637
linpack,2.25ghz,4.75ghz,0.984519736863829
linpack,2.25ghz,4.5ghz,0.15105615728737953
linpack,2.25ghz,5.0ghz,0.0436020520360401
linpack,2.25ghz,1.25ghz,0.8008578418954853
linpack,2.25ghz,2.0ghz,0.2772314876173122
linpack,2.25ghz,3.5ghz,0.03971489002268778
linpack,2.25ghz,3.0ghz,0.6694793348058024
linpack,4.0ghz,4.25ghz,0.3516793716607548
linpack,4.0ghz,1.75ghz,0.268742772421077
linpack,4.0ghz,2.25ghz,0.5869371700692589
linpack,4.0ghz,4.0ghz,1.0
linpack,4.0ghz,3.75ghz,0.8158901548607471
linpack,4.0ghz,1.0ghz,0.6979738522659524
linpack,4.0ghz,2.5ghz,0.7562221220076069
linpack,4.0ghz,1.5ghz,0.17440038915018252
linpack,4.0ghz,3.25ghz,0.2772314876173122
linpack,4.0ghz,2.75ghz,0.3825931773694824
linpack,4.0ghz,4.75ghz,0.5219814481957432
linpack,4.0ghz,4.5ghz,0.06817204557664998
linpack,4.0ghz,5.0ghz,0.1683260949337354
linpack,4.0ghz,1.25ghz,0.4376816780828031
linpack,4.0ghz,2.0ghz,0.6414528745894932
linpack,4.0ghz,3.5ghz,0.12060767859094357
linpack,4.0ghz,3.0ghz,0.6414528745894932
linpack,3.75ghz,4.25ghz,0.42631291323985965
linpack,3.75ghz,1.75ghz,0.2859010589675479
linpack,3.75ghz,2.25ghz,1.0
linpack,3.75ghz,4.0ghz,0.8158901548607471
linpack,3.75ghz,3.75ghz,1.0
linpack,3.75ghz,1.0ghz,0.4376816780828031
linpack,3.75ghz,2.5ghz,0.4728155871746813
linpack,3.75ghz,1.5ghz,0.33197546708273695
linpack,3.75ghz,3.25ghz,0.12060767859094357
linpack,3.75ghz,2.75ghz,0.8309905299998261
linpack,3.75ghz,4.75ghz,0.7710186241805638
linpack,3.75ghz,4.5ghz,0.1253189420819512
linpack,3.75ghz,5.0ghz,0.059825636317548045
linpack,3.75ghz,1.25ghz,0.5605090914385145
linpack,3.75ghz,2.0ghz,0.3721083307918155
linpack,3.75ghz,3.5ghz,0.0436020520360401
linpack,3.75ghz,3.0ghz,0.6139282580548475
linpack,1.0ghz,4.25ghz,0.20724211154284822
linpack,1.0ghz,1.75ghz,0.13017242401938045
linpack,1.0ghz,2.25ghz,0.2772314876173122
linpack,1.0ghz,4.0ghz,0.6979738522659524
linpack,1.0ghz,3.75ghz,0.4376816780828031
linpack,1.0ghz,1.0ghz,1.0
linpack,1.0ghz,2.5ghz,0.5605090914385145
linpack,1.0ghz,1.5ghz,0.08419395035432709
linpack,1.0ghz,3.25ghz,0.7710186241805638
linpack,1.0ghz,2.75ghz,0.11160199172647282
linpack,1.0ghz,4.75ghz,0.24435472003272052
linpack,1.0ghz,4.5ghz,0.01529337103019893
linpack,1.0ghz,5.0ghz,0.22898533711961333
linpack,1.0ghz,1.25ghz,0.34173655502734857
linpack,1.0ghz,2.0ghz,0.9227150779556011
linpack,1.0ghz,3.5ghz,0.3721083307918155
linpack,1.0ghz,3.0ghz,0.268742772421077
linpack,2.5ghz,4.25ghz,0.15665606830628992
linpack,2.5ghz,1.75ghz,0.12060767859094357
linpack,2.5ghz,2.25ghz,0.42631291323985965
linpack,2.5ghz,4.0ghz,0.7562221220076069
linpack,2.5ghz,3.75ghz,0.4728155871746813
linpack,2.5ghz,1.0ghz,0.5605090914385145
linpack,2.5ghz,2.5ghz,1.0
linpack,2.5ghz,1.5ghz,0.14561009539686695
linpack,2.5ghz,3.25ghz,0.3721083307918155
linpack,2.5ghz,2.75ghz,0.3037847253883319
linpack,2.5ghz,4.75ghz,0.361803488317166
linpack,2.5ghz,4.5ghz,0.054746566574845876
linpack,2.5ghz,5.0ghz,0.12060767859094357
linpack,2.5ghz,1.25ghz,0.4040992479205485
linpack,2.5ghz,2.0ghz,0.5736510006245363
linpack,2.5ghz,3.5ghz,0.13517053560025727
linpack,2.5ghz,3.0ghz,0.20724211154284822
linpack,1.5ghz,4.25ghz,0.6139282580548475
linpack,1.5ghz,1.75ghz,0.9690453003117911
linpack,1.5ghz,2.25ghz,0.497074660807861
linpack,1.5ghz,4.0ghz,0.17440038915018252
linpack,1.5ghz,3.75ghz,0.33197546708273695
linpack,1.5ghz,1.0ghz,0.08419395035432709
linpack,1.5ghz,2.5ghz,0.14561009539686695
linpack,1.5ghz,1.5ghz,1.0
linpack,1.5ghz,3.25ghz,0.016130322106759073
linpack,1.5ghz,2.75ghz,0.7123855280840246
linpack,1.5ghz,4.75ghz,0.39325715704186925
linpack,1.5ghz,4.5ghz,0.42631291323985965
linpack,1.5ghz,5.0ghz,0.01529337103019893
linpack,1.5ghz,1.25ghz,0.6979738522659524
linpack,1.5ghz,2.0ghz,0.0990980154217605
linpack,1.5ghz,3.5ghz,0.013733404308894272
linpack,1.5ghz,3.0ghz,0.6276258050283593
linpack,3.25ghz,4.25ghz,0.06528948950848884
linpack,3.25ghz,1.75ghz,0.0436020520360401
linpack,3.25ghz,2.25ghz,0.07745301640549514
linpack,3.25ghz,4.0ghz,0.2772314876173122
linpack,3.25ghz,3.75ghz,0.12060767859094357
linpack,3.25ghz,1.0ghz,0.7710186241805638
linpack,3.25ghz,2.5ghz,0.3721083307918155
linpack,3.25ghz,1.5ghz,0.016130322106759073
linpack,3.25ghz,3.25ghz,1.0
linpack,3.25ghz,2.75ghz,0.028341832697381233
linpack,3.25ghz,4.75ghz,0.08419395035432709
linpack,3.25ghz,4.5ghz,0.004341518517797562
linpack,3.25ghz,5.0ghz,0.48486293237843714
linpack,3.25ghz,1.25ghz,0.19360407089423592
linpack,3.25ghz,2.0ghz,0.6414528745894932
linpack,3.25ghz,3.5ghz,0.48486293237843714
linpack,3.25ghz,3.0ghz,0.04566317848485905
linpack,2.75ghz,4.25ghz,0.6139282580548475
linpack,2.75ghz,1.75ghz,0.5094483563706427
linpack,2.75ghz,2.25ghz,0.7415144763294637
linpack,2.75ghz,4.0ghz,0.3825931773694824
linpack,2.75ghz,3.75ghz,0.8309905299998261
linpack,2.75ghz,1.0ghz,0.11160199172647282
linpack,2.75ghz,2.5ghz,0.3037847253883319
linpack,2.75ghz,1.5ghz,0.7123855280840246
linpack,2.75ghz,3.25ghz,0.028341832697381233
linpack,2.75ghz,2.75ghz,1.0
linpack,2.75ghz,4.75ghz,0.8461535661468554
linpack,2.75ghz,4.5ghz,0.3223963931070317
linpack,2.75ghz,5.0ghz,0.013007466607958674
linpack,2.75ghz,1.25ghz,0.953582510349677
linpack,2.75ghz,2.0ghz,0.13017242401938045
linpack,2.75ghz,3.5ghz,0.013733404308894272
linpack,2.75ghz,3.0ghz,0.8461535661468554
linpack,4.75ghz,4.25ghz,0.9690453003117911
linpack,4.75ghz,1.75ghz,0.6003641276866312
linpack,4.75ghz,2.25ghz,0.984519736863829
linpack,4.75ghz,4.0ghz,0.5219814481957432
linpack,4.75ghz,3.75ghz,0.7710186241805638
linpack,4.75ghz,1.0ghz,0.24435472003272052
linpack,4.75ghz,2.5ghz,0.361803488317166
linpack,4.75ghz,1.5ghz,0.39325715704186925
linpack,4.75ghz,3.25ghz,0.08419395035432709
linpack,4.75ghz,2.75ghz,0.8461535661468554
linpack,4.75ghz,4.75ghz,1.0
linpack,4.75ghz,4.5ghz,0.18703749337591546
linpack,4.75ghz,5.0ghz,0.03281712689483408
linpack,4.75ghz,1.25ghz,0.8008578418954853
linpack,4.75ghz,2.0ghz,0.20724211154284822
linpack,4.75ghz,3.5ghz,0.03971489002268778
linpack,4.75ghz,3.0ghz,0.9227150779556011
linpack,4.5ghz,4.25ghz,0.2772314876173122
linpack,4.5ghz,1.75ghz,0.6694793348058024
linpack,4.5ghz,2.25ghz,0.15105615728737953
linpack,4.5ghz,4.0ghz,0.06817204557664998
linpack,4.5ghz,3.75ghz,0.1253189420819512
linpack,4.5ghz,1.0ghz,0.01529337103019893
linpack,4.5ghz,2.5ghz,0.054746566574845876
linpack,4.5ghz,1.5ghz,0.42631291323985965
linpack,4.5ghz,3.25ghz,0.004341518517797562
linpack,4.5ghz,2.75ghz,0.3223963931070317
linpack,4.5ghz,4.75ghz,0.18703749337591546
linpack,4.5ghz,4.5ghz,1.0
linpack,4.5ghz,5.0ghz,0.0026345660958435055
linpack,4.5ghz,1.25ghz,0.3129994773224958
linpack,4.5ghz,2.0ghz,0.01700726906208309
linpack,4.5ghz,3.5ghz,0.0038398800013550467
linpack,4.5ghz,3.0ghz,0.2523052121646835
linpack,5.0ghz,4.25ghz,0.01888745461845923
linpack,5.0ghz,1.75ghz,0.013733404308894272
linpack,5.0ghz,2.25ghz,0.0436020520360401
linpack,5.0ghz,4.0ghz,0.1683260949337354
linpack,5.0ghz,3.75ghz,0.059825636317548045
linpack,5.0ghz,1.0ghz,0.22898533711961333
linpack,5.0ghz,2.5ghz,0.12060767859094357
linpack,5.0ghz,1.5ghz,0.01529337103019893
linpack,5.0ghz,3.25ghz,0.48486293237843714
linpack,5.0ghz,2.75ghz,0.013007466607958674
linpack,5.0ghz,4.75ghz,0.03281712689483408
linpack,5.0ghz,4.5ghz,0.0026345660958435055
linpack,5.0ghz,5.0ghz,1.0
linpack,5.0ghz,1.25ghz,0.05003228610625733
linpack,5.0ghz,2.0ghz,0.415118275851869
linpack,5.0ghz,3.5ghz,0.8309905299998261
linpack,5.0ghz,3.0ghz,0.029771346975723968
linpack,1.25ghz,4.25ghz,0.7123855280840246
linpack,1.25ghz,1.75ghz,0.8309905299998261
linpack,1.25ghz,2.25ghz,0.8008578418954853
linpack,1.25ghz,4.0ghz,0.4376816780828031
linpack,1.25ghz,3.75ghz,0.5605090914385145
linpack,1.25ghz,1.0ghz,0.34173655502734857
linpack,1.25ghz,2.5ghz,0.4040992479205485
linpack,1.25ghz,1.5ghz,0.6979738522659524
linpack,1.25ghz,3.25ghz,0.19360407089423592
linpack,1.25ghz,2.75ghz,0.953582510349677
linpack,1.25ghz,4.75ghz,0.8008578418954853
linpack,1.25ghz,4.5ghz,0.3129994773224958
linpack,1.25ghz,5.0ghz,0.05003228610625733
linpack,1.25ghz,1.25ghz,1.0
linpack,1.25ghz,2.0ghz,0.33197546708273695
linpack,1.25ghz,3.5ghz,0.07425122834326177
linpack,1.25ghz,3.0ghz,0.6836702770203351
linpack,2.0ghz,4.25ghz,0.14031564937735788
linpack,2.0ghz,1.75ghz,0.10730258670433653
linpack,2.0ghz,2.25ghz,0.2772314876173122
linpack,2.0ghz,4.0ghz,0.6414528745894932
linpack,2.0ghz,3.75ghz,0.3721083307918155
linpack,2.0ghz,1.0ghz,0.9227150779556011
linpack,2.0ghz,2.5ghz,0.5736510006245363
linpack,2.0ghz,1.5ghz,0.0990980154217605
linpack,2.0ghz,3.25ghz,0.6414528745894932
linpack,2.0ghz,2.75ghz,0.13017242401938045
linpack,2.0ghz,4.75ghz,0.20724211154284822
linpack,2.0ghz,4.5ghz,0.01700726906208309
linpack,2.0ghz,5.0ghz,0.415118275851869
linpack,2.0ghz,1.25ghz,0.33197546708273695
linpack,2.0ghz,2.0ghz,1.0
linpack,2.0ghz,3.5ghz,0.415118275851869
linpack,2.0ghz,3.0ghz,0.22898533711961333
linpack,3.5ghz,4.25ghz,0.013007466607958674
linpack,3.5ghz,1.75ghz,0.007415319687152019
linpack,3.5ghz,2.25ghz,0.03971489002268778
linpack,3.5ghz,4.0ghz,0.12060767859094357
linpack,3.5ghz,3.75ghz,0.0436020520360401
linpack,3.5ghz,1.0ghz,0.3721083307918155
linpack,3.5ghz,2.5ghz,0.13517053560025727
linpack,3.5ghz,1.5ghz,0.013733404308894272
linpack,3.5ghz,3.25ghz,0.48486293237843714
linpack,3.5ghz,2.75ghz,0.013733404308894272
linpack,3.5ghz,4.75ghz,0.03971489002268778
linpack,3.5ghz,4.5ghz,0.0038398800013550467
linpack,3.5ghz,5.0ghz,0.8309905299998261
linpack,3.5ghz,1.25ghz,0.07425122834326177
linpack,3.5ghz,2.0ghz,0.415118275851869
linpack,3.5ghz,3.5ghz,1.0
linpack,3.5ghz,3.0ghz,0.013007466607958674
linpack,3.0ghz,4.25ghz,0.415118275851869
linpack,3.0ghz,1.75ghz,0.39325715704186925
linpack,3.0ghz,2.25ghz,0.6694793348058024
linpack,3.0ghz,4.0ghz,0.6414528745894932
linpack,3.0ghz,3.75ghz,0.6139282580548475
linpack,3.0ghz,1.0ghz,0.268742772421077
linpack,3.0ghz,2.5ghz,0.20724211154284822
linpack,3.0ghz,1.5ghz,0.6276258050283593
linpack,3.0ghz,3.25ghz,0.04566317848485905
linpack,3.0ghz,2.75ghz,0.8461535661468554
linpack,3.0ghz,4.75ghz,0.9227150779556011
linpack,3.0ghz,4.5ghz,0.2523052121646835
linpack,3.0ghz,5.0ghz,0.029771346975723968
linpack,3.0ghz,1.25ghz,0.6836702770203351
linpack,3.0ghz,2.0ghz,0.22898533711961333
linpack,3.0ghz,3.5ghz,0.013007466607958674
linpack,3.0ghz,3.0ghz,1.0
lrserv,4.75ghz,4.75ghz,1.0
lrserv,4.75ghz,2.5ghz,0.27907126187468123
lrserv,4.75ghz,3.25ghz,0.93813717383897
lrserv,4.75ghz,2.25ghz,0.48486293237843714
lrserv,4.75ghz,2.0ghz,0.861373792455552
lrserv,4.75ghz,4.0ghz,0.42631291323985965
lrserv,4.75ghz,1.75ghz,0.05723926127938553
lrserv,4.75ghz,4.5ghz,0.5346712115320105
lrserv,4.75ghz,1.0ghz,0.1253189420819512
lrserv,4.75ghz,1.5ghz,0.5736510006245363
lrserv,4.75ghz,4.25ghz,0.3129994773224958
lrserv,4.75ghz,3.5ghz,0.18063688161006308
lrserv,4.75ghz,3.75ghz,0.4728155871746813
lrserv,4.75ghz,5.0ghz,0.14031564937735788
lrserv,4.75ghz,3.0ghz,0.03612587577799184
lrserv,4.75ghz,2.5ghz copy,0.3037847253883319
lrserv,4.75ghz,2.75ghz,0.0478057953309806
lrserv,4.75ghz,1.25ghz,0.9073219836857066
lrserv,2.5ghz,4.75ghz,0.27907126187468123
lrserv,2.5ghz,2.5ghz,1.0
lrserv,2.5ghz,3.25ghz,0.3427338341027869
lrserv,2.5ghz,2.25ghz,0.1452340729732504
lrserv,2.5ghz,2.0ghz,0.3850664818284829
lrserv,2.5ghz,4.0ghz,0.46235873008959283
lrserv,2.5ghz,1.75ghz,0.04089939116285119
lrserv,2.5ghz,4.5ghz,0.13799475087813196
lrserv,2.5ghz,1.0ghz,0.15276075132925196
lrserv,2.5ghz,1.5ghz,0.1452340729732504
lrserv,2.5ghz,4.25ghz,0.621000203004081
lrserv,2.5ghz,3.5ghz,0.7995742210223482
lrserv,2.5ghz,3.75ghz,0.7182469617733183
lrserv,2.5ghz,5.0ghz,0.5837704941889161
lrserv,2.5ghz,3.0ghz,0.6592267165292698
lrserv,2.5ghz,2.5ghz copy,0.7995742210223482
lrserv,2.5ghz,2.75ghz,0.9467287346481039
lrserv,2.5ghz,1.25ghz,0.5655539576654758
lrserv,3.25ghz,4.75ghz,0.93813717383897
lrserv,3.25ghz,2.5ghz,0.3427338341027869
lrserv,3.25ghz,3.25ghz,1.0
lrserv,3.25ghz,2.25ghz,0.5869371700692589
lrserv,3.25ghz,2.0ghz,1.0
lrserv,3.25ghz,4.0ghz,0.65540543793669
lrserv,3.25ghz,1.75ghz,0.10730258670433653
lrserv,3.25ghz,4.5ghz,0.5094483563706427
lrserv,3.25ghz,1.0ghz,0.268742772421077
lrserv,3.25ghz,1.5ghz,0.65540543793669
lrserv,3.25ghz,4.25ghz,0.3721083307918155
lrserv,3.25ghz,3.5ghz,0.2859010589675479
lrserv,3.25ghz,3.75ghz,0.5094483563706427
lrserv,3.25ghz,5.0ghz,0.2947520070546409
lrserv,3.25ghz,3.0ghz,0.07115843333450314
lrserv,3.25ghz,2.5ghz copy,0.3516793716607548
lrserv,3.25ghz,2.75ghz,0.13017242401938045
lrserv,3.25ghz,1.25ghz,0.8461535661468554
lrserv,2.25ghz,4.75ghz,0.48486293237843714
lrserv,2.25ghz,2.5ghz,0.1452340729732504
lrserv,2.25ghz,3.25ghz,0.5869371700692589
lrserv,2.25ghz,2.25ghz,1.0
lrserv,2.25ghz,2.0ghz,0.7123855280840246
lrserv,2.25ghz,4.0ghz,0.44922293322874407
lrserv,2.25ghz,1.75ghz,0.415118275851869
lrserv,2.25ghz,4.5ghz,0.8461535661468554
lrserv,2.25ghz,1.0ghz,0.7562221220076069
lrserv,2.25ghz,1.5ghz,0.8919636193705659
lrserv,2.25ghz,4.25ghz,0.2523052121646835
lrserv,2.25ghz,3.5ghz,0.11603618751300343
lrserv,2.25ghz,3.75ghz,0.17440038915018252
lrserv,2.25ghz,5.0ghz,0.14561009539686695
lrserv,2.25ghz,3.0ghz,0.026971854426319462
lrserv,2.25ghz,2.5ghz copy,0.13517053560025727
lrserv,2.25ghz,2.75ghz,0.08419395035432709
lrserv,2.25ghz,1.25ghz,0.5094483563706427
lrserv,2.0ghz,4.75ghz,0.861373792455552
lrserv,2.0ghz,2.5ghz,0.3850664818284829
lrserv,2.0ghz,3.25ghz,1.0
lrserv,2.0ghz,2.25ghz,0.7123855280840246
lrserv,2.0ghz,2.0ghz,1.0
lrserv,2.0ghz,4.0ghz,0.8309905299998261
lrserv,2.0ghz,1.75ghz,0.3037847253883319
lrserv,2.0ghz,4.5ghz,0.6694793348058024
lrserv,2.0ghz,1.0ghz,0.48486293237843714
lrserv,2.0ghz,1.5ghz,0.6276258050283593
lrserv,2.0ghz,4.25ghz,0.6414528745894932
lrserv,2.0ghz,3.5ghz,0.4376816780828031
lrserv,2.0ghz,3.75ghz,0.5475147688915105
lrserv,2.0ghz,5.0ghz,0.4728155871746813
lrserv,2.0ghz,3.0ghz,0.09518773522036432
lrserv,2.0ghz,2.5ghz copy,0.2947520070546409
lrserv,2.0ghz,2.75ghz,0.2859010589675479
lrserv,2.0ghz,1.25ghz,0.8309905299998261
lrserv,4.0ghz,4.75ghz,0.42631291323985965
lrserv,4.0ghz,2.5ghz,0.46235873008959283
lrserv,4.0ghz,3.25ghz,0.65540543793669
lrserv,4.0ghz,2.25ghz,0.44922293322874407
lrserv,4.0ghz,2.0ghz,0.8309905299998261
lrserv,4.0ghz,4.0ghz,1.0
lrserv,4.0ghz,1.75ghz,0.059825636317548045
lrserv,4.0ghz,4.5ghz,0.33197546708273695
lrserv,4.0ghz,1.0ghz,0.14031564937735788
lrserv,4.0ghz,1.5ghz,0.5736510006245363
lrserv,4.0ghz,4.25ghz,0.5605090914385145
lrserv,4.0ghz,3.5ghz,0.4728155871746813
lrserv,4.0ghz,3.75ghz,0.9690453003117911
lrserv,4.0ghz,5.0ghz,0.48486293237843714
lrserv,4.0ghz,3.0ghz,0.1683260949337354
lrserv,4.0ghz,2.5ghz copy,0.7269006560784503
lrserv,4.0ghz,2.75ghz,0.2143168580185959
lrserv,4.0ghz,1.25ghz,0.8919636193705659
lrserv,1.75ghz,4.75ghz,0.05723926127938553
lrserv,1.75ghz,2.5ghz,0.04089939116285119
lrserv,1.75ghz,3.25ghz,0.10730258670433653
lrserv,1.75ghz,2.25ghz,0.415118275851869
lrserv,1.75ghz,2.0ghz,0.3037847253883319
lrserv,1.75ghz,4.0ghz,0.059825636317548045
lrserv,1.75ghz,1.75ghz,1.0
lrserv,1.75ghz,4.5ghz,0.48486293237843714
lrserv,1.75ghz,1.0ghz,0.7710186241805638
lrserv,1.75ghz,1.5ghz,0.6414528745894932
lrserv,1.75ghz,4.25ghz,0.024402605411921543
lrserv,1.75ghz,3.5ghz,0.013733404308894272
lrserv,1.75ghz,3.75ghz,0.016130322106759073
lrserv,1.75ghz,5.0ghz,0.010431843364281526
lrserv,1.75ghz,3.0ghz,0.0019062927884821437
lrserv,1.75ghz,2.5ghz copy,0.013007466607958674
lrserv,1.75ghz,2.75ghz,0.008808853238989799
lrserv,1.75ghz,1.25ghz,0.2003383819344965
lrserv,4.5ghz,4.75ghz,0.5346712115320105
lrserv,4.5ghz,2.5ghz,0.13799475087813196
lrserv,4.5ghz,3.25ghz,0.5094483563706427
lrserv,4.5ghz,2.25ghz,0.8461535661468554
lrserv,4.5ghz,2.0ghz,0.6694793348058024
lrserv,4.5ghz,4.0ghz,0.33197546708273695
lrserv,4.5ghz,1.75ghz,0.48486293237843714
lrserv,4.5ghz,4.5ghz,1.0
lrserv,4.5ghz,1.0ghz,0.7415144763294637
lrserv,4.5ghz,1.5ghz,0.93813717383897
lrserv,4.5ghz,4.25ghz,0.1253189420819512
lrserv,4.5ghz,3.5ghz,0.07745301640549514
lrserv,4.5ghz,3.75ghz,0.19360407089423592
lrserv,4.5ghz,5.0ghz,0.07425122834326177
lrserv,4.5ghz,3.0ghz,0.01529337103019893
lrserv,4.5ghz,2.5ghz copy,0.09140202473789936
lrserv,4.5ghz,2.75ghz,0.041620062928365585
lrserv,4.5ghz,1.25ghz,0.4376816780828031
lrserv,1.0ghz,4.75ghz,0.1253189420819512
lrserv,1.0ghz,2.5ghz,0.15276075132925196
lrserv,1.0ghz,3.25ghz,0.268742772421077
lrserv,1.0ghz,2.25ghz,0.7562221220076069
lrserv,1.0ghz,2.0ghz,0.48486293237843714
lrserv,1.0ghz,4.0ghz,0.14031564937735788
lrserv,1.0ghz,1.75ghz,0.7710186241805638
lrserv,1.0ghz,4.5ghz,0.7415144763294637
lrserv,1.0ghz,1.0ghz,1.0
lrserv,1.0ghz,1.5ghz,0.9690453003117911
lrserv,1.0ghz,4.25ghz,0.08419395035432709
lrserv,1.0ghz,3.5ghz,0.09140202473789936
lrserv,1.0ghz,3.75ghz,0.06817204557664998
lrserv,1.0ghz,5.0ghz,0.05003228610625733
lrserv,1.0ghz,3.0ghz,0.013007466607958674
lrserv,1.0ghz,2.5ghz copy,0.026971854426319462
lrserv,1.0ghz,2.75ghz,0.059825636317548045
lrserv,1.0ghz,1.25ghz,0.2947520070546409
lrserv,1.5ghz,4.75ghz,0.5736510006245363
lrserv,1.5ghz,2.5ghz,0.1452340729732504
lrserv,1.5ghz,3.25ghz,0.65540543793669
lrserv,1.5ghz,2.25ghz,0.8919636193705659
lrserv,1.5ghz,2.0ghz,0.6276258050283593
lrserv,1.5ghz,4.0ghz,0.5736510006245363
lrserv,1.5ghz,1.75ghz,0.6414528745894932
lrserv,1.5ghz,4.5ghz,0.93813717383897
lrserv,1.5ghz,1.0ghz,0.9690453003117911
lrserv,1.5ghz,1.5ghz,1.0
lrserv,1.5ghz,4.25ghz,0.2947520070546409
lrserv,1.5ghz,3.5ghz,0.1624120073498867
lrserv,1.5ghz,3.75ghz,0.22156412892169008
lrserv,1.5ghz,5.0ghz,0.3223963931070317
lrserv,1.5ghz,3.0ghz,0.052345063273163205
lrserv,1.5ghz,2.5ghz copy,0.17440038915018252
lrserv,1.5ghz,2.75ghz,0.15665606830628992
lrserv,1.5ghz,1.25ghz,0.3825931773694824
lrserv,4.25ghz,4.75ghz,0.3129994773224958
lrserv,4.25ghz,2.5ghz,0.621000203004081
lrserv,4.25ghz,3.25ghz,0.3721083307918155
lrserv,4.25ghz,2.25ghz,0.2523052121646835
lrserv,4.25ghz,2.0ghz,0.6414528745894932
lrserv,4.25ghz,4.0ghz,0.5605090914385145
lrserv,4.25ghz,1.75ghz,0.024402605411921543
lrserv,4.25ghz,4.5ghz,0.1253189420819512
lrserv,4.25ghz,1.0ghz,0.08419395035432709
lrserv,4.25ghz,1.5ghz,0.2947520070546409
lrserv,4.25ghz,4.25ghz,1.0
lrserv,4.25ghz,3.5ghz,0.7415144763294637
lrserv,4.25ghz,3.75ghz,0.876645674312776
lrserv,4.25ghz,5.0ghz,0.7562221220076069
lrserv,4.25ghz,3.0ghz,0.20724211154284822
lrserv,4.25ghz,2.5ghz copy,0.876645674312776
lrserv,4.25ghz,2.75ghz,0.361803488317166
lrserv,4.25ghz,1.25ghz,0.5219814481957432
lrserv,3.5ghz,4.75ghz,0.18063688161006308
lrserv,3.5ghz,2.5ghz,0.7995742210223482
lrserv,3.5ghz,3.25ghz,0.2859010589675479
lrserv,3.5ghz,2.25ghz,0.11603618751300343
lrserv,3.5ghz,2.0ghz,0.4376816780828031
lrserv,3.5ghz,4.0ghz,0.4728155871746813
lrserv,3.5ghz,1.75ghz,0.013733404308894272
lrserv,3.5ghz,4.5ghz,0.07745301640549514
lrserv,3.5ghz,1.0ghz,0.09140202473789936
lrserv,3.5ghz,1.5ghz,0.1624120073498867
lrserv,3.5ghz,4.25ghz,0.7415144763294637
lrserv,3.5ghz,3.5ghz,1.0
lrserv,3.5ghz,3.75ghz,0.7710186241805638
lrserv,3.5ghz,5.0ghz,0.7710186241805638
lrserv,3.5ghz,3.0ghz,0.3825931773694824
lrserv,3.5ghz,2.5ghz copy,0.8461535661468554
lrserv,3.5ghz,2.75ghz,0.5219814481957432
lrserv,3.5ghz,1.25ghz,0.6003641276866312
lrserv,3.75ghz,4.75ghz,0.4728155871746813
lrserv,3.75ghz,2.5ghz,0.7182469617733183
lrserv,3.75ghz,3.25ghz,0.5094483563706427
lrserv,3.75ghz,2.25ghz,0.17440038915018252
lrserv,3.75ghz,2.0ghz,0.5475147688915105
lrserv,3.75ghz,4.0ghz,0.9690453003117911
lrserv,3.75ghz,1.75ghz,0.016130322106759073
lrserv,3.75ghz,4.5ghz,0.19360407089423592
lrserv,3.75ghz,1.0ghz,0.06817204557664998
lrserv,3.75ghz,1.5ghz,0.22156412892169008
lrserv,3.75ghz,4.25ghz,0.876645674312776
lrserv,3.75ghz,3.5ghz,0.7710186241805638
lrserv,3.75ghz,3.75ghz,1.0
lrserv,3.75ghz,5.0ghz,0.6694793348058024
lrserv,3.75ghz,3.0ghz,0.2003383819344965
lrserv,3.75ghz,2.5ghz copy,0.8919636193705659
lrserv,3.75ghz,2.75ghz,0.3129994773224958
lrserv,3.75ghz,1.25ghz,0.6139282580548475
lrserv,5.0ghz,4.75ghz,0.14031564937735788
lrserv,5.0ghz,2.5ghz,0.5837704941889161
lrserv,5.0ghz,3.25ghz,0.2947520070546409
lrserv,5.0ghz,2.25ghz,0.14561009539686695
lrserv,5.0ghz,2.0ghz,0.4728155871746813
lrserv,5.0ghz,4.0ghz,0.48486293237843714
lrserv,5.0ghz,1.75ghz,0.010431843364281526
lrserv,5.0ghz,4.5ghz,0.07425122834326177
lrserv,5.0ghz,1.0ghz,0.05003228610625733
lrserv,5.0ghz,1.5ghz,0.3223963931070317
lrserv,5.0ghz,4.25ghz,0.7562221220076069
lrserv,5.0ghz,3.5ghz,0.7710186241805638
lrserv,5.0ghz,3.75ghz,0.6694793348058024
lrserv,5.0ghz,5.0ghz,1.0
lrserv,5.0ghz,3.0ghz,0.2143168580185959
lrserv,5.0ghz,2.5ghz copy,0.8158901548607471
lrserv,5.0ghz,2.75ghz,0.2947520070546409
lrserv,5.0ghz,1.25ghz,0.5869371700692589
lrserv,3.0ghz,4.75ghz,0.03612587577799184
lrserv,3.0ghz,2.5ghz,0.6592267165292698
lrserv,3.0ghz,3.25ghz,0.07115843333450314
lrserv,3.0ghz,2.25ghz,0.026971854426319462
lrserv,3.0ghz,2.0ghz,0.09518773522036432
lrserv,3.0ghz,4.0ghz,0.1683260949337354
lrserv,3.0ghz,1.75ghz,0.0019062927884821437
lrserv,3.0ghz,4.5ghz,0.01529337103019893
lrserv,3.0ghz,1.0ghz,0.013007466607958674
lrserv,3.0ghz,1.5ghz,0.052345063273163205
lrserv,3.0ghz,4.25ghz,0.20724211154284822
lrserv,3.0ghz,3.5ghz,0.3825931773694824
lrserv,3.0ghz,3.75ghz,0.2003383819344965
lrserv,3.0ghz,5.0ghz,0.2143168580185959
lrserv,3.0ghz,3.0ghz,1.0
lrserv,3.0ghz,2.5ghz copy,0.33197546708273695
lrserv,3.0ghz,2.75ghz,0.6979738522659524
lrserv,3.0ghz,1.25ghz,0.1624120073498867
lrserv,2.5ghz copy,4.75ghz,0.3037847253883319
lrserv,2.5ghz copy,2.5ghz,0.7995742210223482
lrserv,2.5ghz copy,3.25ghz,0.3516793716607548
lrserv,2.5ghz copy,2.25ghz,0.13517053560025727
lrserv,2.5ghz copy,2.0ghz,0.2947520070546409
lrserv,2.5ghz copy,4.0ghz,0.7269006560784503
lrserv,2.5ghz copy,1.75ghz,0.013007466607958674
lrserv,2.5ghz copy,4.5ghz,0.09140202473789936
lrserv,2.5ghz copy,1.0ghz,0.026971854426319462
lrserv,2.5ghz copy,1.5ghz,0.17440038915018252
lrserv,2.5ghz copy,4.25ghz,0.876645674312776
lrserv,2.5ghz copy,3.5ghz,0.8461535661468554
lrserv,2.5ghz copy,3.75ghz,0.8919636193705659
lrserv,2.5ghz copy,5.0ghz,0.8158901548607471
lrserv,2.5ghz copy,3.0ghz,0.33197546708273695
lrserv,2.5ghz copy,2.5ghz copy,1.0
lrserv,2.5ghz copy,2.75ghz,0.44922293322874407
lrserv,2.5ghz copy,1.25ghz,0.39325715704186925
lrserv,2.75ghz,4.75ghz,0.0478057953309806
lrserv,2.75ghz,2.5ghz,0.9467287346481039
lrserv,2.75ghz,3.25ghz,0.13017242401938045
lrserv,2.75ghz,2.25ghz,0.08419395035432709
lrserv,2.75ghz,2.0ghz,0.2859010589675479
lrserv,2.75ghz,4.0ghz,0.2143168580185959
lrserv,2.75ghz,1.75ghz,0.008808853238989799
lrserv,2.75ghz,4.5ghz,0.041620062928365585
lrserv,2.75ghz,1.0ghz,0.059825636317548045
lrserv,2.75ghz,1.5ghz,0.15665606830628992
lrserv,2.75ghz,4.25ghz,0.361803488317166
lrserv,2.75ghz,3.5ghz,0.5219814481957432
lrserv,2.75ghz,3.75ghz,0.3129994773224958
lrserv,2.75ghz,5.0ghz,0.2947520070546409
lrserv,2.75ghz,3.0ghz,0.6979738522659524
lrserv,2.75ghz,2.5ghz copy,0.44922293322874407
lrserv,2.75ghz,2.75ghz,1.0
lrserv,2.75ghz,1.25ghz,0.42631291323985965
lrserv,1.25ghz,4.75ghz,0.9073219836857066
lrserv,1.25ghz,2.5ghz,0.5655539576654758
lrserv,1.25ghz,3.25ghz,0.8461535661468554
lrserv,1.25ghz,2.25ghz,0.5094483563706427
lrserv,1.25ghz,2.0ghz,0.8309905299998261
lrserv,1.25ghz,4.0ghz,0.8919636193705659
lrserv,1.25ghz,1.75ghz,0.2003383819344965
lrserv,1.25ghz,4.5ghz,0.4376816780828031
lrserv,1.25ghz,1.0ghz,0.2947520070546409
lrserv,1.25ghz,1.5ghz,0.3825931773694824
lrserv,1.25ghz,4.25ghz,0.5219814481957432
lrserv,1.25ghz,3.5ghz,0.6003641276866312
lrserv,1.25ghz,3.75ghz,0.6139282580548475
lrserv,1.25ghz,5.0ghz,0.5869371700692589
lrserv,1.25ghz,3.0ghz,0.1624120073498867
lrserv,1.25ghz,2.5ghz copy,0.39325715704186925
lrserv,1.25ghz,2.75ghz,0.42631291323985965
lrserv,1.25ghz,1.25ghz,1.0
rnnserv,1.25ghz,1.25ghz,1.0
rnnserv,1.25ghz,2.0ghz,0.9073219836857066
rnnserv,1.25ghz,3.25ghz,0.15105615728737953
rnnserv,1.25ghz,2.75ghz,0.8158901548607471
rnnserv,1.25ghz,4.5ghz,0.1683260949337354
rnnserv,1.25ghz,4.75ghz,0.07425122834326177
rnnserv,1.25ghz,4.25ghz,0.18063688161006308
rnnserv,1.25ghz,3.75ghz,0.26043426893178667
rnnserv,1.25ghz,3.5ghz,0.9073219836857066
rnnserv,1.25ghz,2.25ghz,0.361803488317166
rnnserv,1.25ghz,1.75ghz,0.3516793716607548
rnnserv,1.25ghz,1.0ghz,0.06817204557664998
rnnserv,1.25ghz,4.0ghz,0.8158901548607471
rnnserv,1.25ghz,5.0ghz,0.0990980154217605
rnnserv,1.25ghz,3.0ghz,0.2003383819344965
rnnserv,1.25ghz,1.5ghz,0.953582510349677
rnnserv,1.25ghz,2.5ghz,0.9227150779556011
rnnserv,2.0ghz,1.25ghz,0.9073219836857066
rnnserv,2.0ghz,2.0ghz,1.0
rnnserv,2.0ghz,3.25ghz,0.09140202473789936
rnnserv,2.0ghz,2.75ghz,0.5736510006245363
rnnserv,2.0ghz,4.5ghz,0.13017242401938045
rnnserv,2.0ghz,4.75ghz,0.03612587577799184
rnnserv,2.0ghz,4.25ghz,0.14031564937735788
rnnserv,2.0ghz,3.75ghz,0.17440038915018252
rnnserv,2.0ghz,3.5ghz,0.6979738522659524
rnnserv,2.0ghz,2.25ghz,0.46093488585479814
rnnserv,2.0ghz,1.75ghz,0.497074660807861
rnnserv,2.0ghz,1.0ghz,0.09518773522036432
rnnserv,2.0ghz,4.0ghz,0.93813717383897
rnnserv,2.0ghz,5.0ghz,0.059825636317548045
rnnserv,2.0ghz,3.0ghz,0.268742772421077
rnnserv,2.0ghz,1.5ghz,0.93813717383897
rnnserv,2.0ghz,2.5ghz,0.9690453003117911
rnnserv,3.25ghz,1.25ghz,0.15105615728737953
rnnserv,3.25ghz,2.0ghz,0.09140202473789936
rnnserv,3.25ghz,3.25ghz,1.0
rnnserv,3.25ghz,2.75ghz,0.15665606830628992
rnnserv,3.25ghz,4.5ghz,1.0
rnnserv,3.25ghz,4.75ghz,0.7269006560784503
rnnserv,3.25ghz,4.25ghz,0.6139282580548475
rnnserv,3.25ghz,3.75ghz,0.6276258050283593
rnnserv,3.25ghz,3.5ghz,0.12060767859094357
rnnserv,3.25ghz,2.25ghz,0.02204821127903532
rnnserv,3.25ghz,1.75ghz,0.028341832697381233
rnnserv,3.25ghz,1.0ghz,0.0028077381497495463
rnnserv,3.25ghz,4.0ghz,0.08419395035432709
rnnserv,3.25ghz,5.0ghz,0.6979738522659524
rnnserv,3.25ghz,3.0ghz,0.011029166691101183
rnnserv,3.25ghz,1.5ghz,0.10730258670433653
rnnserv,3.25ghz,2.5ghz,0.14561009539686695
rnnserv,2.75ghz,1.25ghz,0.8158901548607471
rnnserv,2.75ghz,2.0ghz,0.5736510006245363
rnnserv,2.75ghz,3.25ghz,0.15665606830628992
rnnserv,2.75ghz,2.75ghz,1.0
rnnserv,2.75ghz,4.5ghz,0.26043426893178667
rnnserv,2.75ghz,4.75ghz,0.0807663909568753
rnnserv,2.75ghz,4.25ghz,0.3037847253883319
rnnserv,2.75ghz,3.75ghz,0.3825931773694824
rnnserv,2.75ghz,3.5ghz,0.7123855280840246
rnnserv,2.75ghz,2.25ghz,0.18703749337591546
rnnserv,2.75ghz,1.75ghz,0.17440038915018252
rnnserv,2.75ghz,1.0ghz,0.01700726906208309
rnnserv,2.75ghz,4.0ghz,0.3825931773694824
rnnserv,2.75ghz,5.0ghz,0.15665606830628992
rnnserv,2.75ghz,3.0ghz,0.06817204557664998
rnnserv,2.75ghz,1.5ghz,0.5475147688915105
rnnserv,2.75ghz,2.5ghz,0.5869371700692589
rnnserv,4.5ghz,1.25ghz,0.1683260949337354
rnnserv,4.5ghz,2.0ghz,0.13017242401938045
rnnserv,4.5ghz,3.25ghz,1.0
rnnserv,4.5ghz,2.75ghz,0.26043426893178667
rnnserv,4.5ghz,4.5ghz,1.0
rnnserv,4.5ghz,4.75ghz,0.6836702770203351
rnnserv,4.5ghz,4.25ghz,0.8008578418954853
rnnserv,4.5ghz,3.75ghz,0.6836702770203351
rnnserv,4.5ghz,3.5ghz,0.22898533711961333
rnnserv,4.5ghz,2.25ghz,0.03788424543573267
rnnserv,4.5ghz,1.75ghz,0.03281712689483408
rnnserv,4.5ghz,1.0ghz,0.004901861038274267
rnnserv,4.5ghz,4.0ghz,0.1253189420819512
rnnserv,4.5ghz,5.0ghz,0.861373792455552
rnnserv,4.5ghz,3.0ghz,0.01700726906208309
rnnserv,4.5ghz,1.5ghz,0.15105615728737953
rnnserv,4.5ghz,2.5ghz,0.15105615728737953
rnnserv,4.75ghz,1.25ghz,0.07425122834326177
rnnserv,4.75ghz,2.0ghz,0.03612587577799184
rnnserv,4.75ghz,3.25ghz,0.7269006560784503
rnnserv,4.75ghz,2.75ghz,0.0807663909568753
rnnserv,4.75ghz,4.5ghz,0.6836702770203351
rnnserv,4.75ghz,4.75ghz,1.0
rnnserv,4.75ghz,4.25ghz,0.3825931773694824
rnnserv,4.75ghz,3.75ghz,0.415118275851869
rnnserv,4.75ghz,3.5ghz,0.029771346975723968
rnnserv,4.75ghz,2.25ghz,0.007856148366986239
rnnserv,4.75ghz,1.75ghz,0.011656686132397214
rnnserv,4.75ghz,1.0ghz,0.001367281930175315
rnnserv,4.75ghz,4.0ghz,0.03971489002268778
rnnserv,4.75ghz,5.0ghz,0.953582510349677
rnnserv,4.75ghz,3.0ghz,0.006996807919786315
rnnserv,4.75ghz,1.5ghz,0.04566317848485905
rnnserv,4.75ghz,2.5ghz,0.08773829506214073
rnnserv,4.25ghz,1.25ghz,0.18063688161006308
rnnserv,4.25ghz,2.0ghz,0.14031564937735788
rnnserv,4.25ghz,3.25ghz,0.6139282580548475
rnnserv,4.25ghz,2.75ghz,0.3037847253883319
rnnserv,4.25ghz,4.5ghz,0.8008578418954853
rnnserv,4.25ghz,4.75ghz,0.3825931773694824
rnnserv,4.25ghz,4.25ghz,1.0
rnnserv,4.25ghz,3.75ghz,0.984519736863829
rnnserv,4.25ghz,3.5ghz,0.15665606830628992
rnnserv,4.25ghz,2.25ghz,0.03443756329229049
rnnserv,4.25ghz,1.75ghz,0.029771346975723968
rnnserv,4.25ghz,1.0ghz,0.0029912465204538306
rnnserv,4.25ghz,4.0ghz,0.13517053560025727
rnnserv,4.25ghz,5.0ghz,0.5094483563706427
rnnserv,4.25ghz,3.0ghz,0.01700726906208309
rnnserv,4.25ghz,1.5ghz,0.15665606830628992
rnnserv,4.25ghz,2.5ghz,0.22898533711961333
rnnserv,3.75ghz,1.25ghz,0.26043426893178667
rnnserv,3.75ghz,2.0ghz,0.17440038915018252
rnnserv,3.75ghz,3.25ghz,0.6276258050283593
rnnserv,3.75ghz,2.75ghz,0.3825931773694824
rnnserv,3.75ghz,4.5ghz,0.6836702770203351
rnnserv,3.75ghz,4.75ghz,0.415118275851869
rnnserv,3.75ghz,4.25ghz,0.984519736863829
rnnserv,3.75ghz,3.75ghz,1.0
rnnserv,3.75ghz,3.5ghz,0.24435472003272052
rnnserv,3.75ghz,2.25ghz,0.04566317848485905
rnnserv,3.75ghz,1.75ghz,0.04566317848485905
rnnserv,3.75ghz,1.0ghz,0.005205880435150824
rnnserv,3.75ghz,4.0ghz,0.18063688161006308
rnnserv,3.75ghz,5.0ghz,0.48486293237843714
rnnserv,3.75ghz,3.0ghz,0.02319948731506933
rnnserv,3.75ghz,1.5ghz,0.22156412892169008
rnnserv,3.75ghz,2.5ghz,0.22898533711961333
rnnserv,3.5ghz,1.25ghz,0.9073219836857066
rnnserv,3.5ghz,2.0ghz,0.6979738522659524
rnnserv,3.5ghz,3.25ghz,0.12060767859094357
rnnserv,3.5ghz,2.75ghz,0.7123855280840246
rnnserv,3.5ghz,4.5ghz,0.22898533711961333
rnnserv,3.5ghz,4.75ghz,0.029771346975723968
rnnserv,3.5ghz,4.25ghz,0.15665606830628992
rnnserv,3.5ghz,3.75ghz,0.24435472003272052
rnnserv,3.5ghz,3.5ghz,1.0
rnnserv,3.5ghz,2.25ghz,0.22156412892169008
rnnserv,3.5ghz,1.75ghz,0.24435472003272052
rnnserv,3.5ghz,1.0ghz,0.03788424543573267
rnnserv,3.5ghz,4.0ghz,0.6003641276866312
rnnserv,3.5ghz,5.0ghz,0.14561009539686695
rnnserv,3.5ghz,3.0ghz,0.1253189420819512
rnnserv,3.5ghz,1.5ghz,0.7858989168050492
rnnserv,3.5ghz,2.5ghz,0.6414528745894932
rnnserv,2.25ghz,1.25ghz,0.361803488317166
rnnserv,2.25ghz,2.0ghz,0.46093488585479814
rnnserv,2.25ghz,3.25ghz,0.02204821127903532
rnnserv,2.25ghz,2.75ghz,0.18703749337591546
rnnserv,2.25ghz,4.5ghz,0.03788424543573267
rnnserv,2.25ghz,4.75ghz,0.007856148366986239
rnnserv,2.25ghz,4.25ghz,0.03443756329229049
rnnserv,2.25ghz,3.75ghz,0.04566317848485905
rnnserv,2.25ghz,3.5ghz,0.22156412892169008
rnnserv,2.25ghz,2.25ghz,1.0
rnnserv,2.25ghz,1.75ghz,1.0
rnnserv,2.25ghz,1.0ghz,0.3721083307918155
rnnserv,2.25ghz,4.0ghz,0.46093488585479814
rnnserv,2.25ghz,5.0ghz,0.013733404308894272
rnnserv,2.25ghz,3.0ghz,0.6276258050283593
rnnserv,2.25ghz,1.5ghz,0.4728155871746813
rnnserv,2.25ghz,2.5ghz,0.5094483563706427
rnnserv,1.75ghz,1.25ghz,0.3516793716607548
rnnserv,1.75ghz,2.0ghz,0.497074660807861
rnnserv,1.75ghz,3.25ghz,0.028341832697381233
rnnserv,1.75ghz,2.75ghz,0.17440038915018252
rnnserv,1.75ghz,4.5ghz,0.03281712689483408
rnnserv,1.75ghz,4.75ghz,0.011656686132397214
rnnserv,1.75ghz,4.25ghz,0.029771346975723968
rnnserv,1.75ghz,3.75ghz,0.04566317848485905
rnnserv,1.75ghz,3.5ghz,0.24435472003272052
rnnserv,1.75ghz,2.25ghz,1.0
rnnserv,1.75ghz,1.75ghz,1.0
rnnserv,1.75ghz,1.0ghz,0.3825931773694824
rnnserv,1.75ghz,4.0ghz,0.5094483563706427
rnnserv,1.75ghz,5.0ghz,0.01700726906208309
rnnserv,1.75ghz,3.0ghz,0.5346712115320105
rnnserv,1.75ghz,1.5ghz,0.5475147688915105
rnnserv,1.75ghz,2.5ghz,0.497074660807861
rnnserv,1.0ghz,1.25ghz,0.06817204557664998
rnnserv,1.0ghz,2.0ghz,0.09518773522036432
rnnserv,1.0ghz,3.25ghz,0.0028077381497495463
rnnserv,1.0ghz,2.75ghz,0.01700726906208309
rnnserv,1.0ghz,4.5ghz,0.004901861038274267
rnnserv,1.0ghz,4.75ghz,0.001367281930175315
rnnserv,1.0ghz,4.25ghz,0.0029912465204538306
rnnserv,1.0ghz,3.75ghz,0.005205880435150824
rnnserv,1.0ghz,3.5ghz,0.03788424543573267
rnnserv,1.0ghz,2.25ghz,0.3721083307918155
rnnserv,1.0ghz,1.75ghz,0.3825931773694824
rnnserv,1.0ghz,1.0ghz,1.0
rnnserv,1.0ghz,4.0ghz,0.13517053560025727
rnnserv,1.0ghz,5.0ghz,0.0033914710682818017
rnnserv,1.0ghz,3.0ghz,0.8158901548607471
rnnserv,1.0ghz,1.5ghz,0.19360407089423592
rnnserv,1.0ghz,2.5ghz,0.17440038915018252
rnnserv,4.0ghz,1.25ghz,0.8158901548607471
rnnserv,4.0ghz,2.0ghz,0.93813717383897
rnnserv,4.0ghz,3.25ghz,0.08419395035432709
rnnserv,4.0ghz,2.75ghz,0.3825931773694824
rnnserv,4.0ghz,4.5ghz,0.1253189420819512
rnnserv,4.0ghz,4.75ghz,0.03971489002268778
rnnserv,4.0ghz,4.25ghz,0.13517053560025727
rnnserv,4.0ghz,3.75ghz,0.18063688161006308
rnnserv,4.0ghz,3.5ghz,0.6003641276866312
rnnserv,4.0ghz,2.25ghz,0.46093488585479814
rnnserv,4.0ghz,1.75ghz,0.5094483563706427
rnnserv,4.0ghz,1.0ghz,0.13517053560025727
rnnserv,4.0ghz,4.0ghz,1.0
rnnserv,4.0ghz,5.0ghz,0.07115843333450314
rnnserv,4.0ghz,3.0ghz,0.18703749337591546
rnnserv,4.0ghz,1.5ghz,0.9690453003117911
rnnserv,4.0ghz,2.5ghz,0.9690453003117911
rnnserv,5.0ghz,1.25ghz,0.0990980154217605
rnnserv,5.0ghz,2.0ghz,0.059825636317548045
rnnserv,5.0ghz,3.25ghz,0.6979738522659524
rnnserv,5.0ghz,2.75ghz,0.15665606830628992
rnnserv,5.0ghz,4.5ghz,0.861373792455552
rnnserv,5.0ghz,4.75ghz,0.953582510349677
rnnserv,5.0ghz,4.25ghz,0.5094483563706427
rnnserv,5.0ghz,3.75ghz,0.48486293237843714
rnnserv,5.0ghz,3.5ghz,0.14561009539686695
rnnserv,5.0ghz,2.25ghz,0.013733404308894272
rnnserv,5.0ghz,1.75ghz,0.01700726906208309
rnnserv,5.0ghz,1.0ghz,0.0033914710682818017
rnnserv,5.0ghz,4.0ghz,0.07115843333450314
rnnserv,5.0ghz,5.0ghz,1.0
rnnserv,5.0ghz,3.0ghz,0.012315680042810818
rnnserv,5.0ghz,1.5ghz,0.09518773522036432
rnnserv,5.0ghz,2.5ghz,0.11160199172647282
rnnserv,3.0ghz,1.25ghz,0.2003383819344965
rnnserv,3.0ghz,2.0ghz,0.268742772421077
rnnserv,3.0ghz,3.25ghz,0.011029166691101183
rnnserv,3.0ghz,2.75ghz,0.06817204557664998
rnnserv,3.0ghz,4.5ghz,0.01700726906208309
rnnserv,3.0ghz,4.75ghz,0.006996807919786315
rnnserv,3.0ghz,4.25ghz,0.01700726906208309
rnnserv,3.0ghz,3.75ghz,0.02319948731506933
rnnserv,3.0ghz,3.5ghz,0.1253189420819512
rnnserv,3.0ghz,2.25ghz,0.6276258050283593
rnnserv,3.0ghz,1.75ghz,0.5346712115320105
rnnserv,3.0ghz,1.0ghz,0.8158901548607471
rnnserv,3.0ghz,4.0ghz,0.18703749337591546
rnnserv,3.0ghz,5.0ghz,0.012315680042810818
rnnserv,3.0ghz,3.0ghz,1.0
rnnserv,3.0ghz,1.5ghz,0.3825931773694824
rnnserv,3.0ghz,2.5ghz,0.2947520070546409
rnnserv,1.5ghz,1.25ghz,0.953582510349677
rnnserv,1.5ghz,2.0ghz,0.93813717383897
rnnserv,1.5ghz,3.25ghz,0.10730258670433653
rnnserv,1.5ghz,2.75ghz,0.5475147688915105
rnnserv,1.5ghz,4.5ghz,0.15105615728737953
rnnserv,1.5ghz,4.75ghz,0.04566317848485905
rnnserv,1.5ghz,4.25ghz,0.15665606830628992
rnnserv,1.5ghz,3.75ghz,0.22156412892169008
rnnserv,1.5ghz,3.5ghz,0.7858989168050492
rnnserv,1.5ghz,2.25ghz,0.4728155871746813
rnnserv,1.5ghz,1.75ghz,0.5475147688915105
rnnserv,1.5ghz,1.0ghz,0.19360407089423592
rnnserv,1.5ghz,4.0ghz,0.9690453003117911
rnnserv,1.5ghz,5.0ghz,0.09518773522036432
rnnserv,1.5ghz,3.0ghz,0.3825931773694824
rnnserv,1.5ghz,1.5ghz,1.0
rnnserv,1.5ghz,2.5ghz,0.9073219836857066
rnnserv,2.5ghz,1.25ghz,0.9227150779556011
rnnserv,2.5ghz,2.0ghz,0.9690453003117911
rnnserv,2.5ghz,3.25ghz,0.14561009539686695
rnnserv,2.5ghz,2.75ghz,0.5869371700692589
rnnserv,2.5ghz,4.5ghz,0.15105615728737953
rnnserv,2.5ghz,4.75ghz,0.08773829506214073
rnnserv,2.5ghz,4.25ghz,0.22898533711961333
rnnserv,2.5ghz,3.75ghz,0.22898533711961333
rnnserv,2.5ghz,3.5ghz,0.6414528745894932
rnnserv,2.5ghz,2.25ghz,0.5094483563706427
rnnserv,2.5ghz,1.75ghz,0.497074660807861
rnnserv,2.5ghz,1.0ghz,0.17440038915018252
rnnserv,2.5ghz,4.0ghz,0.9690453003117911
rnnserv,2.5ghz,5.0ghz,0.11160199172647282
rnnserv,2.5ghz,3.0ghz,0.2947520070546409
rnnserv,2.5ghz,1.5ghz,0.9073219836857066
rnnserv,2.5ghz,2.5ghz,1.0
vidpr,2.5ghz,2.5ghz,1.0
vidpr,2.5ghz,2.75ghz,0.9227150779556011
vidpr,2.5ghz,3.75ghz,8.877863272704755e-05
vidpr,2.5ghz,1.75ghz,0.00028525723198329604
vidpr,2.5ghz,2.0ghz,0.00013217974829911983
vidpr,2.5ghz,1.5ghz,0.13017242401938045
vidpr,2.5ghz,1.25ghz,0.03971489002268778
vidpr,2.5ghz,4.5ghz,0.5605090914385145
vidpr,2.5ghz,1.0ghz,0.059825636317548045
vidpr,2.5ghz,4.0ghz,0.0040837137563017965
vidpr,2.5ghz,5.0ghz,0.5869371700692589
vidpr,2.5ghz,3.0ghz,0.415118275851869
vidpr,2.5ghz,4.75ghz,0.5869371700692589
vidpr,2.5ghz,2.25ghz,0.00986347712747337
vidpr,2.5ghz,4.25ghz,0.02565942679162289
vidpr,2.5ghz,3.25ghz,0.01529337103019893
vidpr,2.5ghz,3.5ghz,0.3223963931070317
vidpr,2.75ghz,2.5ghz,0.9227150779556011
vidpr,2.75ghz,2.75ghz,1.0
vidpr,2.75ghz,3.75ghz,0.007856148366986239
vidpr,2.75ghz,1.75ghz,0.007856148366986239
vidpr,2.75ghz,2.0ghz,0.0011153845128289185
vidpr,2.75ghz,1.5ghz,0.18703749337591546
vidpr,2.75ghz,1.25ghz,0.18703749337591546
vidpr,2.75ghz,4.5ghz,0.876645674312776
vidpr,2.75ghz,1.0ghz,0.0990980154217605
vidpr,2.75ghz,4.0ghz,0.0807663909568753
vidpr,2.75ghz,5.0ghz,0.65540543793669
vidpr,2.75ghz,3.0ghz,0.46093488585479814
vidpr,2.75ghz,4.75ghz,0.65540543793669
vidpr,2.75ghz,2.25ghz,0.012315680042810818
vidpr,2.75ghz,4.25ghz,0.1253189420819512
vidpr,2.75ghz,3.25ghz,0.06528948950848884
vidpr,2.75ghz,3.5ghz,0.876645674312776
vidpr,3.75ghz,2.5ghz,8.877863272704755e-05
vidpr,3.75ghz,2.75ghz,0.007856148366986239
vidpr,3.75ghz,3.75ghz,1.0
vidpr,3.75ghz,1.75ghz,0.7710186241805638
vidpr,3.75ghz,2.0ghz,0.6276258050283593
vidpr,3.75ghz,1.5ghz,0.07745301640549514
vidpr,3.75ghz,1.25ghz,0.19360407089423592
vidpr,3.75ghz,4.5ghz,0.0036093469359454364
vidpr,3.75ghz,1.0ghz,0.08773829506214073
vidpr,3.75ghz,4.0ghz,0.268742772421077
vidpr,3.75ghz,5.0ghz,0.000907010565351573
vidpr,3.75ghz,3.0ghz,0.041620062928365585
vidpr,3.75ghz,4.75ghz,0.0028077381497495463
vidpr,3.75ghz,2.25ghz,0.5736510006245363
vidpr,3.75ghz,4.25ghz,0.20724211154284822
vidpr,3.75ghz,3.25ghz,0.2772314876173122
vidpr,3.75ghz,3.5ghz,0.00011284666668156555
vidpr,1.75ghz,2.5ghz,0.00028525723198329604
vidpr,1.75ghz,2.75ghz,0.007856148366986239
vidpr,1.75ghz,3.75ghz,0.7710186241805638
vidpr,1.75ghz,1.75ghz,1.0
vidpr,1.75ghz,2.0ghz,0.42631291323985965
vidpr,1.75ghz,1.5ghz,0.12060767859094357
vidpr,1.75ghz,1.25ghz,0.18703749337591546
vidpr,1.75ghz,4.5ghz,0.005865542555801409
vidpr,1.75ghz,1.0ghz,0.11603618751300343
vidpr,1.75ghz,4.0ghz,0.415118275851869
vidpr,1.75ghz,5.0ghz,0.0009720824650649824
vidpr,1.75ghz,3.0ghz,0.05003228610625733
vidpr,1.75ghz,4.75ghz,0.006996807919786315
vidpr,1.75ghz,2.25ghz,0.6414528745894932
vidpr,1.75ghz,4.25ghz,0.23658179688216296
vidpr,1.75ghz,3.25ghz,0.3721083307918155
vidpr,1.75ghz,3.5ghz,9.620347536626386e-05
vidpr,2.0ghz,2.5ghz,0.00013217974829911983
vidpr,2.0ghz,2.75ghz,0.0011153845128289185
vidpr,2.0ghz,3.75ghz,0.6276258050283593
vidpr,2.0ghz,1.75ghz,0.42631291323985965
vidpr,2.0ghz,2.0ghz,1.0
vidpr,2.0ghz,1.5ghz,0.01989395076755546
vidpr,2.0ghz,1.25ghz,0.028341832697381233
vidpr,2.0ghz,4.5ghz,0.0006850368653792253
vidpr,2.0ghz,1.0ghz,0.029771346975723968
vidpr,2.0ghz,4.0ghz,0.07425122834326177
vidpr,2.0ghz,5.0ghz,0.0005529371525551773
vidpr,2.0ghz,3.0ghz,0.006996807919786315
vidpr,2.0ghz,4.75ghz,0.0019062927884821437
vidpr,2.0ghz,2.25ghz,0.2003383819344965
vidpr,2.0ghz,4.25ghz,0.03612587577799184
vidpr,2.0ghz,3.25ghz,0.07115843333450314
vidpr,2.0ghz,3.5ghz,6.415379543852064e-05
vidpr,1.5ghz,2.5ghz,0.13017242401938045
vidpr,1.5ghz,2.75ghz,0.18703749337591546
vidpr,1.5ghz,3.75ghz,0.07745301640549514
vidpr,1.5ghz,1.75ghz,0.12060767859094357
vidpr,1.5ghz,2.0ghz,0.01989395076755546
vidpr,1.5ghz,1.5ghz,1.0
vidpr,1.5ghz,1.25ghz,0.8008578418954853
vidpr,1.5ghz,4.5ghz,0.268742772421077
vidpr,1.5ghz,1.0ghz,0.7415144763294637
vidpr,1.5ghz,4.0ghz,0.4376816780828031
vidpr,1.5ghz,5.0ghz,0.22156412892169008
vidpr,1.5ghz,3.0ghz,0.5094483563706427
vidpr,1.5ghz,4.75ghz,0.3223963931070317
vidpr,1.5ghz,2.25ghz,0.20724211154284822
vidpr,1.5ghz,4.25ghz,0.6836702770203351
vidpr,1.5ghz,3.25ghz,0.5219814481957432
vidpr,1.5ghz,3.5ghz,0.07745301640549514
vidpr,1.25ghz,2.5ghz,0.03971489002268778
vidpr,1.25ghz,2.75ghz,0.18703749337591546
vidpr,1.25ghz,3.75ghz,0.19360407089423592
vidpr,1.25ghz,1.75ghz,0.18703749337591546
vidpr,1.25ghz,2.0ghz,0.028341832697381233
vidpr,1.25ghz,1.5ghz,0.8008578418954853
vidpr,1.25ghz,1.25ghz,1.0
vidpr,1.25ghz,4.5ghz,0.09518773522036432
vidpr,1.25ghz,1.0ghz,0.861373792455552
vidpr,1.25ghz,4.0ghz,0.6276258050283593
vidpr,1.25ghz,5.0ghz,0.13517053560025727
vidpr,1.25ghz,3.0ghz,0.2947520070546409
vidpr,1.25ghz,4.75ghz,0.22898533711961333
vidpr,1.25ghz,2.25ghz,0.361803488317166
vidpr,1.25ghz,4.25ghz,0.9690453003117911
vidpr,1.25ghz,3.25ghz,0.5219814481957432
vidpr,1.25ghz,3.5ghz,0.02204821127903532
vidpr,4.5ghz,2.5ghz,0.5605090914385145
vidpr,4.5ghz,2.75ghz,0.876645674312776
vidpr,4.5ghz,3.75ghz,0.0036093469359454364
vidpr,4.5ghz,1.75ghz,0.005865542555801409
vidpr,4.5ghz,2.0ghz,0.0006850368653792253
vidpr,4.5ghz,1.5ghz,0.268742772421077
vidpr,4.5ghz,1.25ghz,0.09518773522036432
vidpr,4.5ghz,4.5ghz,1.0
vidpr,4.5ghz,1.0ghz,0.2143168580185959
vidpr,4.5ghz,4.0ghz,0.028341832697381233
vidpr,4.5ghz,5.0ghz,0.5094483563706427
vidpr,4.5ghz,3.0ghz,0.5605090914385145
vidpr,4.5ghz,4.75ghz,0.9690453003117911
vidpr,4.5ghz,2.25ghz,0.024402605411921543
vidpr,4.5ghz,4.25ghz,0.08773829506214073
vidpr,4.5ghz,3.25ghz,0.0436020520360401
vidpr,4.5ghz,3.5ghz,0.20724211154284822
vidpr,1.0ghz,2.5ghz,0.059825636317548045
vidpr,1.0ghz,2.75ghz,0.0990980154217605
vidpr,1.0ghz,3.75ghz,0.08773829506214073
vidpr,1.0ghz,1.75ghz,0.11603618751300343
vidpr,1.0ghz,2.0ghz,0.029771346975723968
vidpr,1.0ghz,1.5ghz,0.7415144763294637
vidpr,1.0ghz,1.25ghz,0.861373792455552
vidpr,1.0ghz,4.5ghz,0.2143168580185959
vidpr,1.0ghz,1.0ghz,1.0
vidpr,1.0ghz,4.0ghz,0.4376816780828031
vidpr,1.0ghz,5.0ghz,0.054746566574845876
vidpr,1.0ghz,3.0ghz,0.2947520070546409
vidpr,1.0ghz,4.75ghz,0.20724211154284822
vidpr,1.0ghz,2.25ghz,0.415118275851869
vidpr,1.0ghz,4.25ghz,0.7415144763294637
vidpr,1.0ghz,3.25ghz,0.65540543793669
vidpr,1.0ghz,3.5ghz,0.017925777357406476
vidpr,4.0ghz,2.5ghz,0.0040837137563017965
vidpr,4.0ghz,2.75ghz,0.0807663909568753
vidpr,4.0ghz,3.75ghz,0.268742772421077
vidpr,4.0ghz,1.75ghz,0.415118275851869
vidpr,4.0ghz,2.0ghz,0.07425122834326177
vidpr,4.0ghz,1.5ghz,0.4376816780828031
vidpr,4.0ghz,1.25ghz,0.6276258050283593
vidpr,4.0ghz,4.5ghz,0.028341832697381233
vidpr,4.0ghz,1.0ghz,0.4376816780828031
vidpr,4.0ghz,4.0ghz,1.0
vidpr,4.0ghz,5.0ghz,0.01700726906208309
vidpr,4.0ghz,3.0ghz,0.17440038915018252
vidpr,4.0ghz,4.75ghz,0.041620062928365585
vidpr,4.0ghz,2.25ghz,0.5346712115320105
vidpr,4.0ghz,4.25ghz,0.65540543793669
vidpr,4.0ghz,3.25ghz,0.9227150779556011
vidpr,4.0ghz,3.5ghz,0.002035157807278379
vidpr,5.0ghz,2.5ghz,0.5869371700692589
vidpr,5.0ghz,2.75ghz,0.65540543793669
vidpr,5.0ghz,3.75ghz,0.000907010565351573
vidpr,5.0ghz,1.75ghz,0.0009720824650649824
vidpr,5.0ghz,2.0ghz,0.0005529371525551773
vidpr,5.0ghz,1.5ghz,0.22156412892169008
vidpr,5.0ghz,1.25ghz,0.13517053560025727
vidpr,5.0ghz,4.5ghz,0.5094483563706427
vidpr,5.0ghz,1.0ghz,0.054746566574845876
vidpr,5.0ghz,4.0ghz,0.01700726906208309
vidpr,5.0ghz,5.0ghz,1.0
vidpr,5.0ghz,3.0ghz,0.6003641276866312
vidpr,5.0ghz,4.75ghz,0.497074660807861
vidpr,5.0ghz,2.25ghz,0.011029166691101183
vidpr,5.0ghz,4.25ghz,0.059825636317548045
vidpr,5.0ghz,3.25ghz,0.06817204557664998
vidpr,5.0ghz,3.5ghz,0.7858989168050492
vidpr,3.0ghz,2.5ghz,0.415118275851869
vidpr,3.0ghz,2.75ghz,0.46093488585479814
vidpr,3.0ghz,3.75ghz,0.041620062928365585
vidpr,3.0ghz,1.75ghz,0.05003228610625733
vidpr,3.0ghz,2.0ghz,0.006996807919786315
vidpr,3.0ghz,1.5ghz,0.5094483563706427
vidpr,3.0ghz,1.25ghz,0.2947520070546409
vidpr,3.0ghz,4.5ghz,0.5605090914385145
vidpr,3.0ghz,1.0ghz,0.2947520070546409
vidpr,3.0ghz,4.0ghz,0.17440038915018252
vidpr,3.0ghz,5.0ghz,0.6003641276866312
vidpr,3.0ghz,3.0ghz,1.0
vidpr,3.0ghz,4.75ghz,0.7562221220076069
vidpr,3.0ghz,2.25ghz,0.06528948950848884
vidpr,3.0ghz,4.25ghz,0.2947520070546409
vidpr,3.0ghz,3.25ghz,0.19360407089423592
vidpr,3.0ghz,3.5ghz,0.24435472003272052
vidpr,4.75ghz,2.5ghz,0.5869371700692589
vidpr,4.75ghz,2.75ghz,0.65540543793669
vidpr,4.75ghz,3.75ghz,0.0028077381497495463
vidpr,4.75ghz,1.75ghz,0.006996807919786315
vidpr,4.75ghz,2.0ghz,0.0019062927884821437
vidpr,4.75ghz,1.5ghz,0.3223963931070317
vidpr,4.75ghz,1.25ghz,0.22898533711961333
vidpr,4.75ghz,4.5ghz,0.9690453003117911
vidpr,4.75ghz,1.0ghz,0.20724211154284822
vidpr,4.75ghz,4.0ghz,0.041620062928365585
vidpr,4.75ghz,5.0ghz,0.497074660807861
vidpr,4.75ghz,3.0ghz,0.7562221220076069
vidpr,4.75ghz,4.75ghz,1.0
vidpr,4.75ghz,2.25ghz,0.03281712689483408
vidpr,4.75ghz,4.25ghz,0.15105615728737953
vidpr,4.75ghz,3.25ghz,0.0807663909568753
vidpr,4.75ghz,3.5ghz,0.2772314876173122
vidpr,2.25ghz,2.5ghz,0.00986347712747337
vidpr,2.25ghz,2.75ghz,0.012315680042810818
vidpr,2.25ghz,3.75ghz,0.5736510006245363
vidpr,2.25ghz,1.75ghz,0.6414528745894932
vidpr,2.25ghz,2.0ghz,0.2003383819344965
vidpr,2.25ghz,1.5ghz,0.20724211154284822
vidpr,2.25ghz,1.25ghz,0.361803488317166
vidpr,2.25ghz,4.5ghz,0.024402605411921543
vidpr,2.25ghz,1.0ghz,0.415118275851869
vidpr,2.25ghz,4.0ghz,0.5346712115320105
vidpr,2.25ghz,5.0ghz,0.011029166691101183
vidpr,2.25ghz,3.0ghz,0.06528948950848884
vidpr,2.25ghz,4.75ghz,0.03281712689483408
vidpr,2.25ghz,2.25ghz,1.0
vidpr,2.25ghz,4.25ghz,0.39325715704186925
vidpr,2.25ghz,3.25ghz,0.5219814481957432
vidpr,2.25ghz,3.5ghz,0.0036093469359454364
vidpr,4.25ghz,2.5ghz,0.02565942679162289
vidpr,4.25ghz,2.75ghz,0.1253189420819512
vidpr,4.25ghz,3.75ghz,0.20724211154284822
vidpr,4.25ghz,1.75ghz,0.23658179688216296
vidpr,4.25ghz,2.0ghz,0.03612587577799184
vidpr,4.25ghz,1.5ghz,0.6836702770203351
vidpr,4.25ghz,1.25ghz,0.9690453003117911
vidpr,4.25ghz,4.5ghz,0.08773829506214073
vidpr,4.25ghz,1.0ghz,0.7415144763294637
vidpr,4.25ghz,4.0ghz,0.65540543793669
vidpr,4.25ghz,5.0ghz,0.059825636317548045
vidpr,4.25ghz,3.0ghz,0.2947520070546409
vidpr,4.25ghz,4.75ghz,0.15105615728737953
vidpr,4.25ghz,2.25ghz,0.39325715704186925
vidpr,4.25ghz,4.25ghz,1.0
vidpr,4.25ghz,3.25ghz,0.6836702770203351
vidpr,4.25ghz,3.5ghz,0.012315680042810818
vidpr,3.25ghz,2.5ghz,0.01529337103019893
vidpr,3.25ghz,2.75ghz,0.06528948950848884
vidpr,3.25ghz,3.75ghz,0.2772314876173122
vidpr,3.25ghz,1.75ghz,0.3721083307918155
vidpr,3.25ghz,2.0ghz,0.07115843333450314
vidpr,3.25ghz,1.5ghz,0.5219814481957432
vidpr,3.25ghz,1.25ghz,0.5219814481957432
vidpr,3.25ghz,4.5ghz,0.0436020520360401
vidpr,3.25ghz,1.0ghz,0.65540543793669
vidpr,3.25ghz,4.0ghz,0.9227150779556011
vidpr,3.25ghz,5.0ghz,0.06817204557664998
vidpr,3.25ghz,3.0ghz,0.19360407089423592
vidpr,3.25ghz,4.75ghz,0.0807663909568753
vidpr,3.25ghz,2.25ghz,0.5219814481957432
vidpr,3.25ghz,4.25ghz,0.6836702770203351
vidpr,3.25ghz,3.25ghz,1.0
vidpr,3.25ghz,3.5ghz,0.008808853238989799
vidpr,3.5ghz,2.5ghz,0.3223963931070317
vidpr,3.5ghz,2.75ghz,0.876645674312776
vidpr,3.5ghz,3.75ghz,0.00011284666668156555
vidpr,3.5ghz,1.75ghz,9.620347536626386e-05
vidpr,3.5ghz,2.0ghz,6.415379543852064e-05
vidpr,3.5ghz,1.5ghz,0.07745301640549514
vidpr,3.5ghz,1.25ghz,0.02204821127903532
vidpr,3.5ghz,4.5ghz,0.20724211154284822
vidpr,3.5ghz,1.0ghz,0.017925777357406476
vidpr,3.5ghz,4.0ghz,0.002035157807278379
vidpr,3.5ghz,5.0ghz,0.7858989168050492
vidpr,3.5ghz,3.0ghz,0.24435472003272052
vidpr,3.5ghz,4.75ghz,0.2772314876173122
vidpr,3.5ghz,2.25ghz,0.0036093469359454364
vidpr,3.5ghz,4.25ghz,0.012315680042810818
vidpr,3.5ghz,3.25ghz,0.008808853238989799
vidpr,3.5ghz,3.5ghz,1.0
webserv,1.0ghz,1.0ghz,1.0
webserv,1.0ghz,1.5ghz,0.7858989168050492
webserv,1.0ghz,3.5ghz,0.01888745461845923
webserv,1.0ghz,4.25ghz,0.17440038915018252
webserv,1.0ghz,2.0ghz,0.5605090914385145
webserv,1.0ghz,3.0ghz,0.18703749337591546
webserv,1.0ghz,2.5ghz,0.01989395076755546
webserv,1.0ghz,1.75ghz,0.10730258670433653
webserv,1.0ghz,4.5ghz,0.6276258050283593
webserv,1.0ghz,4.75ghz,0.3129994773224958
webserv,1.0ghz,2.75ghz,0.02565942679162289
webserv,1.0ghz,3.25ghz,0.497074660807861
webserv,1.0ghz,4.0ghz,0.01700726906208309
webserv,1.0ghz,1.25ghz,0.2772314876173122
webserv,1.0ghz,2.25ghz,0.984519736863829
webserv,1.0ghz,5.0ghz,0.6694793348058024
webserv,1.0ghz,3.75ghz,0.6694793348058024
webserv,1.5ghz,1.0ghz,0.7858989168050492
webserv,1.5ghz,1.5ghz,1.0
webserv,1.5ghz,3.5ghz,0.026971854426319462
webserv,1.5ghz,4.25ghz,0.3516793716607548
webserv,1.5ghz,2.0ghz,0.39325715704186925
webserv,1.5ghz,3.0ghz,0.15665606830628992
webserv,1.5ghz,2.5ghz,0.01529337103019893
webserv,1.5ghz,1.75ghz,0.14031564937735788
webserv,1.5ghz,4.5ghz,0.6979738522659524
webserv,1.5ghz,4.75ghz,0.26043426893178667
webserv,1.5ghz,2.75ghz,0.09140202473789936
webserv,1.5ghz,3.25ghz,0.7123855280840246
webserv,1.5ghz,4.0ghz,0.02565942679162289
webserv,1.5ghz,1.25ghz,0.23658179688216296
webserv,1.5ghz,2.25ghz,0.953582510349677
webserv,1.5ghz,5.0ghz,0.8008578418954853
webserv,1.5ghz,3.75ghz,0.6694793348058024
webserv,3.5ghz,1.0ghz,0.01888745461845923
webserv,3.5ghz,1.5ghz,0.026971854426319462
webserv,3.5ghz,3.5ghz,1.0
webserv,3.5ghz,4.25ghz,0.39325715704186925
webserv,3.5ghz,2.0ghz,0.004613992191848587
webserv,3.5ghz,3.0ghz,0.46093488585479814
webserv,3.5ghz,2.5ghz,0.7858989168050492
webserv,3.5ghz,1.75ghz,0.4376816780828031
webserv,3.5ghz,4.5ghz,0.10313544412720631
webserv,3.5ghz,4.75ghz,0.15665606830628992
webserv,3.5ghz,2.75ghz,0.7269006560784503
webserv,3.5ghz,3.25ghz,0.11603618751300343
webserv,3.5ghz,4.0ghz,0.9073219836857066
webserv,3.5ghz,1.25ghz,0.1624120073498867
webserv,3.5ghz,2.25ghz,0.0436020520360401
webserv,3.5ghz,5.0ghz,0.024402605411921543
webserv,3.5ghz,3.75ghz,0.07745301640549514
webserv,4.25ghz,1.0ghz,0.17440038915018252
webserv,4.25ghz,1.5ghz,0.3516793716607548
webserv,4.25ghz,3.5ghz,0.39325715704186925
webserv,4.25ghz,4.25ghz,1.0
webserv,4.25ghz,2.0ghz,0.09140202473789936
webserv,4.25ghz,3.0ghz,0.953582510349677
webserv,4.25ghz,2.5ghz,0.4040992479205485
webserv,4.25ghz,1.75ghz,0.7858989168050492
webserv,4.25ghz,4.5ghz,0.5869371700692589
webserv,4.25ghz,4.75ghz,0.6694793348058024
webserv,4.25ghz,2.75ghz,0.65540543793669
webserv,4.25ghz,3.25ghz,0.4728155871746813
webserv,4.25ghz,4.0ghz,0.3721083307918155
webserv,4.25ghz,1.25ghz,0.8461535661468554
webserv,4.25ghz,2.25ghz,0.34173655502734857
webserv,4.25ghz,5.0ghz,0.46093488585479814
webserv,4.25ghz,3.75ghz,0.497074660807861
webserv,2.0ghz,1.0ghz,0.5605090914385145
webserv,2.0ghz,1.5ghz,0.39325715704186925
webserv,2.0ghz,3.5ghz,0.004613992191848587
webserv,2.0ghz,4.25ghz,0.09140202473789936
webserv,2.0ghz,2.0ghz,1.0
webserv,2.0ghz,3.0ghz,0.059825636317548045
webserv,2.0ghz,2.5ghz,0.0007888063134956535
webserv,2.0ghz,1.75ghz,0.03612587577799184
webserv,2.0ghz,4.5ghz,0.20724211154284822
webserv,2.0ghz,4.75ghz,0.052345063273163205
webserv,2.0ghz,2.75ghz,0.01989395076755546
webserv,2.0ghz,3.25ghz,0.23658179688216296
webserv,2.0ghz,4.0ghz,0.005526835641379883
webserv,2.0ghz,1.25ghz,0.05723926127938553
webserv,2.0ghz,2.25ghz,0.42631291323985965
webserv,2.0ghz,5.0ghz,0.5475147688915105
webserv,2.0ghz,3.75ghz,0.22898533711961333
webserv,3.0ghz,1.0ghz,0.18703749337591546
webserv,3.0ghz,1.5ghz,0.15665606830628992
webserv,3.0ghz,3.5ghz,0.46093488585479814
webserv,3.0ghz,4.25ghz,0.953582510349677
webserv,3.0ghz,2.0ghz,0.059825636317548045
webserv,3.0ghz,3.0ghz,1.0
webserv,3.0ghz,2.5ghz,0.3516793716607548
webserv,3.0ghz,1.75ghz,0.7710186241805638
webserv,3.0ghz,4.5ghz,0.3516793716607548
webserv,3.0ghz,4.75ghz,0.8008578418954853
webserv,3.0ghz,2.75ghz,0.6003641276866312
webserv,3.0ghz,3.25ghz,0.3721083307918155
webserv,3.0ghz,4.0ghz,0.4376816780828031
webserv,3.0ghz,1.25ghz,0.7562221220076069
webserv,3.0ghz,2.25ghz,0.19360407089423592
webserv,3.0ghz,5.0ghz,0.1683260949337354
webserv,3.0ghz,3.75ghz,0.361803488317166
webserv,2.5ghz,1.0ghz,0.01989395076755546
webserv,2.5ghz,1.5ghz,0.01529337103019893
webserv,2.5ghz,3.5ghz,0.7858989168050492
webserv,2.5ghz,4.25ghz,0.4040992479205485
webserv,2.5ghz,2.0ghz,0.0007888063134956535
webserv,2.5ghz,3.0ghz,0.3516793716607548
webserv,2.5ghz,2.5ghz,1.0
webserv,2.5ghz,1.75ghz,0.4040992479205485
webserv,2.5ghz,4.5ghz,0.03612587577799184
webserv,2.5ghz,4.75ghz,0.11603618751300343
webserv,2.5ghz,2.75ghz,0.8461535661468554
webserv,2.5ghz,3.25ghz,0.054746566574845876
webserv,2.5ghz,4.0ghz,0.9227150779556011
webserv,2.5ghz,1.25ghz,0.1624120073498867
webserv,2.5ghz,2.25ghz,0.008808853238989799
webserv,2.5ghz,5.0ghz,0.004901861038274267
webserv,2.5ghz,3.75ghz,0.028341832697381233
webserv,1.75ghz,1.0ghz,0.10730258670433653
webserv,1.75ghz,1.5ghz,0.14031564937735788
webserv,1.75ghz,3.5ghz,0.4376816780828031
webserv,1.75ghz,4.25ghz,0.7858989168050492
webserv,1.75ghz,2.0ghz,0.03612587577799184
webserv,1.75ghz,3.0ghz,0.7710186241805638
webserv,1.75ghz,2.5ghz,0.4040992479205485
webserv,1.75ghz,1.75ghz,1.0
webserv,1.75ghz,4.5ghz,0.3825931773694824
webserv,1.75ghz,4.75ghz,0.44922293322874407
webserv,1.75ghz,2.75ghz,0.497074660807861
webserv,1.75ghz,3.25ghz,0.3223963931070317
webserv,1.75ghz,4.0ghz,0.3825931773694824
webserv,1.75ghz,1.25ghz,0.6694793348058024
webserv,1.75ghz,2.25ghz,0.13017242401938045
webserv,1.75ghz,5.0ghz,0.1624120073498867
webserv,1.75ghz,3.75ghz,0.268742772421077
webserv,4.5ghz,1.0ghz,0.6276258050283593
webserv,4.5ghz,1.5ghz,0.6979738522659524
webserv,4.5ghz,3.5ghz,0.10313544412720631
webserv,4.5ghz,4.25ghz,0.5869371700692589
webserv,4.5ghz,2.0ghz,0.20724211154284822
webserv,4.5ghz,3.0ghz,0.3516793716607548
webserv,4.5ghz,2.5ghz,0.03612587577799184
webserv,4.5ghz,1.75ghz,0.3825931773694824
webserv,4.5ghz,4.5ghz,1.0
webserv,4.5ghz,4.75ghz,0.39325715704186925
webserv,4.5ghz,2.75ghz,0.24435472003272052
webserv,4.5ghz,3.25ghz,0.8008578418954853
webserv,4.5ghz,4.0ghz,0.07745301640549514
webserv,4.5ghz,1.25ghz,0.5346712115320105
webserv,4.5ghz,2.25ghz,0.6836702770203351
webserv,4.5ghz,5.0ghz,0.44922293322874407
webserv,4.5ghz,3.75ghz,0.9690453003117911
webserv,4.75ghz,1.0ghz,0.3129994773224958
webserv,4.75ghz,1.5ghz,0.26043426893178667
webserv,4.75ghz,3.5ghz,0.15665606830628992
webserv,4.75ghz,4.25ghz,0.6694793348058024
webserv,4.75ghz,2.0ghz,0.052345063273163205
webserv,4.75ghz,3.0ghz,0.8008578418954853
webserv,4.75ghz,2.5ghz,0.11603618751300343
webserv,4.75ghz,1.75ghz,0.44922293322874407
webserv,4.75ghz,4.5ghz,0.39325715704186925
webserv,4.75ghz,4.75ghz,1.0
webserv,4.75ghz,2.75ghz,0.22898533711961333
webserv,4.75ghz,3.25ghz,0.6139282580548475
webserv,4.75ghz,4.0ghz,0.20724211154284822
webserv,4.75ghz,1.25ghz,0.9073219836857066
webserv,4.75ghz,2.25ghz,0.18703749337591546
webserv,4.75ghz,5.0ghz,0.2143168580185959
webserv,4.75ghz,3.75ghz,0.4376816780828031
webserv,2.75ghz,1.0ghz,0.02565942679162289
webserv,2.75ghz,1.5ghz,0.09140202473789936
webserv,2.75ghz,3.5ghz,0.7269006560784503
webserv,2.75ghz,4.25ghz,0.65540543793669
webserv,2.75ghz,2.0ghz,0.01989395076755546
webserv,2.75ghz,3.0ghz,0.6003641276866312
webserv,2.75ghz,2.5ghz,0.8461535661468554
webserv,2.75ghz,1.75ghz,0.497074660807861
webserv,2.75ghz,4.5ghz,0.24435472003272052
webserv,2.75ghz,4.75ghz,0.22898533711961333
webserv,2.75ghz,2.75ghz,1.0
webserv,2.75ghz,3.25ghz,0.18703749337591546
webserv,2.75ghz,4.0ghz,0.6414528745894932
webserv,2.75ghz,1.25ghz,0.3037847253883319
webserv,2.75ghz,2.25ghz,0.10730258670433653
webserv,2.75ghz,5.0ghz,0.0990980154217605
webserv,2.75ghz,3.75ghz,0.17440038915018252
webserv,3.25ghz,1.0ghz,0.497074660807861
webserv,3.25ghz,1.5ghz,0.7123855280840246
webserv,3.25ghz,3.5ghz,0.11603618751300343
webserv,3.25ghz,4.25ghz,0.4728155871746813
webserv,3.25ghz,2.0ghz,0.23658179688216296
webserv,3.25ghz,3.0ghz,0.3721083307918155
webserv,3.25ghz,2.5ghz,0.054746566574845876
webserv,3.25ghz,1.75ghz,0.3223963931070317
webserv,3.25ghz,4.5ghz,0.8008578418954853
webserv,3.25ghz,4.75ghz,0.6139282580548475
webserv,3.25ghz,2.75ghz,0.18703749337591546
webserv,3.25ghz,3.25ghz,1.0
webserv,3.25ghz,4.0ghz,0.08419395035432709
webserv,3.25ghz,1.25ghz,0.5736510006245363
webserv,3.25ghz,2.25ghz,0.7710186241805638
webserv,3.25ghz,5.0ghz,0.7562221220076069
webserv,3.25ghz,3.75ghz,0.9690453003117911
webserv,4.0ghz,1.0ghz,0.01700726906208309
webserv,4.0ghz,1.5ghz,0.02565942679162289
webserv,4.0ghz,3.5ghz,0.9073219836857066
webserv,4.0ghz,4.25ghz,0.3721083307918155
webserv,4.0ghz,2.0ghz,0.005526835641379883
webserv,4.0ghz,3.0ghz,0.4376816780828031
webserv,4.0ghz,2.5ghz,0.9227150779556011
webserv,4.0ghz,1.75ghz,0.3825931773694824
webserv,4.0ghz,4.5ghz,0.07745301640549514
webserv,4.0ghz,4.75ghz,0.20724211154284822
webserv,4.0ghz,2.75ghz,0.6414528745894932
webserv,4.0ghz,3.25ghz,0.08419395035432709
webserv,4.0ghz,4.0ghz,1.0
webserv,4.0ghz,1.25ghz,0.1683260949337354
webserv,4.0ghz,2.25ghz,0.03443756329229049
webserv,4.0ghz,5.0ghz,0.013007466607958674
webserv,4.0ghz,3.75ghz,0.06817204557664998
webserv,1.25ghz,1.0ghz,0.2772314876173122
webserv,1.25ghz,1.5ghz,0.23658179688216296
webserv,1.25ghz,3.5ghz,0.1624120073498867
webserv,1.25ghz,4.25ghz,0.8461535661468554
webserv,1.25ghz,2.0ghz,0.05723926127938553
webserv,1.25ghz,3.0ghz,0.7562221220076069
webserv,1.25ghz,2.5ghz,0.1624120073498867
webserv,1.25ghz,1.75ghz,0.6694793348058024
webserv,1.25ghz,4.5ghz,0.5346712115320105
webserv,1.25ghz,4.75ghz,0.9073219836857066
webserv,1.25ghz,2.75ghz,0.3037847253883319
webserv,1.25ghz,3.25ghz,0.5736510006245363
webserv,1.25ghz,4.0ghz,0.1683260949337354
webserv,1.25ghz,1.25ghz,1.0
webserv,1.25ghz,2.25ghz,0.2772314876173122
webserv,1.25ghz,5.0ghz,0.20724211154284822
webserv,1.25ghz,3.75ghz,0.4728155871746813
webserv,2.25ghz,1.0ghz,0.984519736863829
webserv,2.25ghz,1.5ghz,0.953582510349677
webserv,2.25ghz,3.5ghz,0.0436020520360401
webserv,2.25ghz,4.25ghz,0.34173655502734857
webserv,2.25ghz,2.0ghz,0.42631291323985965
webserv,2.25ghz,3.0ghz,0.19360407089423592
webserv,2.25ghz,2.5ghz,0.008808853238989799
webserv,2.25ghz,1.75ghz,0.13017242401938045
webserv,2.25ghz,4.5ghz,0.6836702770203351
webserv,2.25ghz,4.75ghz,0.18703749337591546
webserv,2.25ghz,2.75ghz,0.10730258670433653
webserv,2.25ghz,3.25ghz,0.7710186241805638
webserv,2.25ghz,4.0ghz,0.03443756329229049
webserv,2.25ghz,1.25ghz,0.2772314876173122
webserv,2.25ghz,2.25ghz,1.0
webserv,2.25ghz,5.0ghz,0.876645674312776
webserv,2.25ghz,3.75ghz,0.7562221220076069
webserv,5.0ghz,1.0ghz,0.6694793348058024
webserv,5.0ghz,1.5ghz,0.8008578418954853
webserv,5.0ghz,3.5ghz,0.024402605411921543
webserv,5.0ghz,4.25ghz,0.46093488585479814
webserv,5.0ghz,2.0ghz,0.5475147688915105
webserv,5.0ghz,3.0ghz,0.1683260949337354
webserv,5.0ghz,2.5ghz,0.004901861038274267
webserv,5.0ghz,1.75ghz,0.1624120073498867
webserv,5.0ghz,4.5ghz,0.44922293322874407
webserv,5.0ghz,4.75ghz,0.2143168580185959
webserv,5.0ghz,2.75ghz,0.0990980154217605
webserv,5.0ghz,3.25ghz,0.7562221220076069
webserv,5.0ghz,4.0ghz,0.013007466607958674
webserv,5.0ghz,1.25ghz,0.20724211154284822
webserv,5.0ghz,2.25ghz,0.876645674312776
webserv,5.0ghz,5.0ghz,1.0
webserv,5.0ghz,3.75ghz,0.6694793348058024
webserv,3.75ghz,1.0ghz,0.6694793348058024
webserv,3.75ghz,1.5ghz,0.6694793348058024
webserv,3.75ghz,3.5ghz,0.07745301640549514
webserv,3.75ghz,4.25ghz,0.497074660807861
webserv,3.75ghz,2.0ghz,0.22898533711961333
webserv,3.75ghz,3.0ghz,0.361803488317166
webserv,3.75ghz,2.5ghz,0.028341832697381233
webserv,3.75ghz,1.75ghz,0.268742772421077
webserv,3.75ghz,4.5ghz,0.9690453003117911
webserv,3.75ghz,4.75ghz,0.4376816780828031
webserv,3.75ghz,2.75ghz,0.17440038915018252
webserv,3.75ghz,3.25ghz,0.9690453003117911
webserv,3.75ghz,4.0ghz,0.06817204557664998
webserv,3.75ghz,1.25ghz,0.4728155871746813
webserv,3.75ghz,2.25ghz,0.7562221220076069
webserv,3.75ghz,5.0ghz,0.6694793348058024
webserv,3.75ghz,3.75ghz,1.0
wordcnt,1.0ghz,1.0ghz,1.0
wordcnt,1.0ghz,4.5ghz,0.65540543793669
wordcnt,1.0ghz,4.0ghz,0.013733404308894272
wordcnt,1.0ghz,1.75ghz,0.268742772421077
wordcnt,1.0ghz,1.5ghz,0.11603618751300343
wordcnt,1.0ghz,2.5ghz,0.01700726906208309
wordcnt,1.0ghz,5.0ghz,0.3129994773224958
wordcnt,1.0ghz,2.75ghz,0.4376816780828031
wordcnt,1.0ghz,3.75ghz,0.006222848471189992
wordcnt,1.0ghz,3.0ghz,0.01700726906208309
wordcnt,1.0ghz,3.5ghz,0.08773829506214073
wordcnt,1.0ghz,1.25ghz,0.2947520070546409
wordcnt,1.0ghz,4.75ghz,0.03971489002268778
wordcnt,1.0ghz,2.0ghz,0.01529337103019893
wordcnt,1.0ghz,4.25ghz,0.07425122834326177
wordcnt,1.0ghz,3.25ghz,0.052345063273163205
wordcnt,1.0ghz,2.25ghz,0.03788424543573267
wordcnt,4.5ghz,1.0ghz,0.65540543793669
wordcnt,4.5ghz,4.5ghz,1.0
wordcnt,4.5ghz,4.0ghz,0.10730258670433653
wordcnt,4.5ghz,1.75ghz,0.7269006560784503
wordcnt,4.5ghz,1.5ghz,0.5346712115320105
wordcnt,4.5ghz,2.5ghz,0.09518773522036432
wordcnt,4.5ghz,5.0ghz,0.9690453003117911
wordcnt,4.5ghz,2.75ghz,0.953582510349677
wordcnt,4.5ghz,3.75ghz,0.07115843333450314
wordcnt,4.5ghz,3.0ghz,0.09140202473789936
wordcnt,4.5ghz,3.5ghz,0.3223963931070317
wordcnt,4.5ghz,1.25ghz,0.7269006560784503
wordcnt,4.5ghz,4.75ghz,0.1624120073498867
wordcnt,4.5ghz,2.0ghz,0.12060767859094357
wordcnt,4.5ghz,4.25ghz,0.3516793716607548
wordcnt,4.5ghz,3.25ghz,0.18703749337591546
wordcnt,4.5ghz,2.25ghz,0.20724211154284822
wordcnt,4.0ghz,1.0ghz,0.013733404308894272
wordcnt,4.0ghz,4.5ghz,0.10730258670433653
wordcnt,4.0ghz,4.0ghz,1.0
wordcnt,4.0ghz,1.75ghz,0.22898533711961333
wordcnt,4.0ghz,1.5ghz,0.2947520070546409
wordcnt,4.0ghz,2.5ghz,0.9073219836857066
wordcnt,4.0ghz,5.0ghz,0.07115843333450314
wordcnt,4.0ghz,2.75ghz,0.15665606830628992
wordcnt,4.0ghz,3.75ghz,0.953582510349677
wordcnt,4.0ghz,3.0ghz,0.953582510349677
wordcnt,4.0ghz,3.5ghz,0.5736510006245363
wordcnt,4.0ghz,1.25ghz,0.18703749337591546
wordcnt,4.0ghz,4.75ghz,0.6003641276866312
wordcnt,4.0ghz,2.0ghz,0.861373792455552
wordcnt,4.0ghz,4.25ghz,0.3825931773694824
wordcnt,4.0ghz,3.25ghz,0.8919636193705659
wordcnt,4.0ghz,2.25ghz,0.7415144763294637
wordcnt,1.75ghz,1.0ghz,0.268742772421077
wordcnt,1.75ghz,4.5ghz,0.7269006560784503
wordcnt,1.75ghz,4.0ghz,0.22898533711961333
wordcnt,1.75ghz,1.75ghz,1.0
wordcnt,1.75ghz,1.5ghz,0.8461535661468554
wordcnt,1.75ghz,2.5ghz,0.2772314876173122
wordcnt,1.75ghz,5.0ghz,0.6414528745894932
wordcnt,1.75ghz,2.75ghz,0.861373792455552
wordcnt,1.75ghz,3.75ghz,0.19360407089423592
wordcnt,1.75ghz,3.0ghz,0.22156412892169008
wordcnt,1.75ghz,3.5ghz,0.6276258050283593
wordcnt,1.75ghz,1.25ghz,0.861373792455552
wordcnt,1.75ghz,4.75ghz,0.4728155871746813
wordcnt,1.75ghz,2.0ghz,0.33197546708273695
wordcnt,1.75ghz,4.25ghz,0.8309905299998261
wordcnt,1.75ghz,3.25ghz,0.44922293322874407
wordcnt,1.75ghz,2.25ghz,0.361803488317166
wordcnt,1.5ghz,1.0ghz,0.11603618751300343
wordcnt,1.5ghz,4.5ghz,0.5346712115320105
wordcnt,1.5ghz,4.0ghz,0.2947520070546409
wordcnt,1.5ghz,1.75ghz,0.8461535661468554
wordcnt,1.5ghz,1.5ghz,1.0
wordcnt,1.5ghz,2.5ghz,0.42631291323985965
wordcnt,1.5ghz,5.0ghz,0.5869371700692589
wordcnt,1.5ghz,2.75ghz,0.5869371700692589
wordcnt,1.5ghz,3.75ghz,0.3721083307918155
wordcnt,1.5ghz,3.0ghz,0.39325715704186925
wordcnt,1.5ghz,3.5ghz,0.876645674312776
wordcnt,1.5ghz,1.25ghz,0.6276258050283593
wordcnt,1.5ghz,4.75ghz,0.7562221220076069
wordcnt,1.5ghz,2.0ghz,0.4728155871746813
wordcnt,1.5ghz,4.25ghz,0.953582510349677
wordcnt,1.5ghz,3.25ghz,0.6694793348058024
wordcnt,1.5ghz,2.25ghz,0.5605090914385145
wordcnt,2.5ghz,1.0ghz,0.01700726906208309
wordcnt,2.5ghz,4.5ghz,0.09518773522036432
wordcnt,2.5ghz,4.0ghz,0.9073219836857066
wordcnt,2.5ghz,1.75ghz,0.2772314876173122
wordcnt,2.5ghz,1.5ghz,0.42631291323985965
wordcnt,2.5ghz,2.5ghz,1.0
wordcnt,2.5ghz,5.0ghz,0.059825636317548045
wordcnt,2.5ghz,2.75ghz,0.18703749337591546
wordcnt,2.5ghz,3.75ghz,0.9690453003117911
wordcnt,2.5ghz,3.0ghz,0.984519736863829
wordcnt,2.5ghz,3.5ghz,0.6276258050283593
wordcnt,2.5ghz,1.25ghz,0.2003383819344965
wordcnt,2.5ghz,4.75ghz,0.65540543793669
wordcnt,2.5ghz,2.0ghz,0.7710186241805638
wordcnt,2.5ghz,4.25ghz,0.26043426893178667
wordcnt,2.5ghz,3.25ghz,0.6836702770203351
wordcnt,2.5ghz,2.25ghz,0.7123855280840246
wordcnt,5.0ghz,1.0ghz,0.3129994773224958
wordcnt,5.0ghz,4.5ghz,0.9690453003117911
wordcnt,5.0ghz,4.0ghz,0.07115843333450314
wordcnt,5.0ghz,1.75ghz,0.6414528745894932
wordcnt,5.0ghz,1.5ghz,0.5869371700692589
wordcnt,5.0ghz,2.5ghz,0.059825636317548045
wordcnt,5.0ghz,5.0ghz,1.0
wordcnt,5.0ghz,2.75ghz,0.7269006560784503
wordcnt,5.0ghz,3.75ghz,0.041620062928365585
wordcnt,5.0ghz,3.0ghz,0.041620062928365585
wordcnt,5.0ghz,3.5ghz,0.2947520070546409
wordcnt,5.0ghz,1.25ghz,0.6836702770203351
wordcnt,5.0ghz,4.75ghz,0.14031564937735788
wordcnt,5.0ghz,2.0ghz,0.054746566574845876
wordcnt,5.0ghz,4.25ghz,0.15105615728737953
wordcnt,5.0ghz,3.25ghz,0.09140202473789936
wordcnt,5.0ghz,2.25ghz,0.17440038915018252
wordcnt,2.75ghz,1.0ghz,0.4376816780828031
wordcnt,2.75ghz,4.5ghz,0.953582510349677
wordcnt,2.75ghz,4.0ghz,0.15665606830628992
wordcnt,2.75ghz,1.75ghz,0.861373792455552
wordcnt,2.75ghz,1.5ghz,0.5869371700692589
wordcnt,2.75ghz,2.5ghz,0.18703749337591546
wordcnt,2.75ghz,5.0ghz,0.7269006560784503
wordcnt,2.75ghz,2.75ghz,1.0
wordcnt,2.75ghz,3.75ghz,0.10313544412720631
wordcnt,2.75ghz,3.0ghz,0.15665606830628992
wordcnt,2.75ghz,3.5ghz,0.5475147688915105
wordcnt,2.75ghz,1.25ghz,0.93813717383897
wordcnt,2.75ghz,4.75ghz,0.26043426893178667
wordcnt,2.75ghz,2.0ghz,0.2003383819344965
wordcnt,2.75ghz,4.25ghz,0.5475147688915105
wordcnt,2.75ghz,3.25ghz,0.3037847253883319
wordcnt,2.75ghz,2.25ghz,0.2859010589675479
wordcnt,3.75ghz,1.0ghz,0.006222848471189992
wordcnt,3.75ghz,4.5ghz,0.07115843333450314
wordcnt,3.75ghz,4.0ghz,0.953582510349677
wordcnt,3.75ghz,1.75ghz,0.19360407089423592
wordcnt,3.75ghz,1.5ghz,0.3721083307918155
wordcnt,3.75ghz,2.5ghz,0.9690453003117911
wordcnt,3.75ghz,5.0ghz,0.041620062928365585
wordcnt,3.75ghz,2.75ghz,0.10313544412720631
wordcnt,3.75ghz,3.75ghz,1.0
wordcnt,3.75ghz,3.0ghz,0.861373792455552
wordcnt,3.75ghz,3.5ghz,0.5605090914385145
wordcnt,3.75ghz,1.25ghz,0.14031564937735788
wordcnt,3.75ghz,4.75ghz,0.4728155871746813
wordcnt,3.75ghz,2.0ghz,0.6276258050283593
wordcnt,3.75ghz,4.25ghz,0.17440038915018252
wordcnt,3.75ghz,3.25ghz,0.5869371700692589
wordcnt,3.75ghz,2.25ghz,0.8158901548607471
wordcnt,3.0ghz,1.0ghz,0.01700726906208309
wordcnt,3.0ghz,4.5ghz,0.09140202473789936
wordcnt,3.0ghz,4.0ghz,0.953582510349677
wordcnt,3.0ghz,1.75ghz,0.22156412892169008
wordcnt,3.0ghz,1.5ghz,0.39325715704186925
wordcnt,3.0ghz,2.5ghz,0.984519736863829
wordcnt,3.0ghz,5.0ghz,0.041620062928365585
wordcnt,3.0ghz,2.75ghz,0.15665606830628992
wordcnt,3.0ghz,3.75ghz,0.861373792455552
wordcnt,3.0ghz,3.0ghz,1.0
wordcnt,3.0ghz,3.5ghz,0.5736510006245363
wordcnt,3.0ghz,1.25ghz,0.15105615728737953
wordcnt,3.0ghz,4.75ghz,0.6836702770203351
wordcnt,3.0ghz,2.0ghz,0.7562221220076069
wordcnt,3.0ghz,4.25ghz,0.19360407089423592
wordcnt,3.0ghz,3.25ghz,0.6414528745894932
wordcnt,3.0ghz,2.25ghz,0.8309905299998261
wordcnt,3.5ghz,1.0ghz,0.08773829506214073
wordcnt,3.5ghz,4.5ghz,0.3223963931070317
wordcnt,3.5ghz,4.0ghz,0.5736510006245363
wordcnt,3.5ghz,1.75ghz,0.6276258050283593
wordcnt,3.5ghz,1.5ghz,0.876645674312776
wordcnt,3.5ghz,2.5ghz,0.6276258050283593
wordcnt,3.5ghz,5.0ghz,0.2947520070546409
wordcnt,3.5ghz,2.75ghz,0.5475147688915105
wordcnt,3.5ghz,3.75ghz,0.5605090914385145
wordcnt,3.5ghz,3.0ghz,0.5736510006245363
wordcnt,3.5ghz,3.5ghz,1.0
wordcnt,3.5ghz,1.25ghz,0.5094483563706427
wordcnt,3.5ghz,4.75ghz,0.876645674312776
wordcnt,3.5ghz,2.0ghz,0.8309905299998261
wordcnt,3.5ghz,4.25ghz,0.7269006560784503
wordcnt,3.5ghz,3.25ghz,0.8461535661468554
wordcnt,3.5ghz,2.25ghz,0.7562221220076069
wordcnt,1.25ghz,1.0ghz,0.2947520070546409
wordcnt,1.25ghz,4.5ghz,0.7269006560784503
wordcnt,1.25ghz,4.0ghz,0.18703749337591546
wordcnt,1.25ghz,1.75ghz,0.861373792455552
wordcnt,1.25ghz,1.5ghz,0.6276258050283593
wordcnt,1.25ghz,2.5ghz,0.2003383819344965
wordcnt,1.25ghz,5.0ghz,0.6836702770203351
wordcnt,1.25ghz,2.75ghz,0.93813717383897
wordcnt,1.25ghz,3.75ghz,0.14031564937735788
wordcnt,1.25ghz,3.0ghz,0.15105615728737953
wordcnt,1.25ghz,3.5ghz,0.5094483563706427
wordcnt,1.25ghz,1.25ghz,1.0
wordcnt,1.25ghz,4.75ghz,0.2947520070546409
wordcnt,1.25ghz,2.0ghz,0.268742772421077
wordcnt,1.25ghz,4.25ghz,0.6276258050283593
wordcnt,1.25ghz,3.25ghz,0.3516793716607548
wordcnt,1.25ghz,2.25ghz,0.33197546708273695
wordcnt,4.75ghz,1.0ghz,0.03971489002268778
wordcnt,4.75ghz,4.5ghz,0.1624120073498867
wordcnt,4.75ghz,4.0ghz,0.6003641276866312
wordcnt,4.75ghz,1.75ghz,0.4728155871746813
wordcnt,4.75ghz,1.5ghz,0.7562221220076069
wordcnt,4.75ghz,2.5ghz,0.65540543793669
wordcnt,4.75ghz,5.0ghz,0.14031564937735788
wordcnt,4.75ghz,2.75ghz,0.26043426893178667
wordcnt,4.75ghz,3.75ghz,0.4728155871746813
wordcnt,4.75ghz,3.0ghz,0.6836702770203351
wordcnt,4.75ghz,3.5ghz,0.876645674312776
wordcnt,4.75ghz,1.25ghz,0.2947520070546409
wordcnt,4.75ghz,4.75ghz,1.0
wordcnt,4.75ghz,2.0ghz,0.9073219836857066
wordcnt,4.75ghz,4.25ghz,0.42631291323985965
wordcnt,4.75ghz,3.25ghz,0.8919636193705659
wordcnt,4.75ghz,2.25ghz,0.7858989168050492
wordcnt,2.0ghz,1.0ghz,0.01529337103019893
wordcnt,2.0ghz,4.5ghz,0.12060767859094357
wordcnt,2.0ghz,4.0ghz,0.861373792455552
wordcnt,2.0ghz,1.75ghz,0.33197546708273695
wordcnt,2.0ghz,1.5ghz,0.4728155871746813
wordcnt,2.0ghz,2.5ghz,0.7710186241805638
wordcnt,2.0ghz,5.0ghz,0.054746566574845876
wordcnt,2.0ghz,2.75ghz,0.2003383819344965
wordcnt,2.0ghz,3.75ghz,0.6276258050283593
wordcnt,2.0ghz,3.0ghz,0.7562221220076069
wordcnt,2.0ghz,3.5ghz,0.8309905299998261
wordcnt,2.0ghz,1.25ghz,0.268742772421077
wordcnt,2.0ghz,4.75ghz,0.9073219836857066
wordcnt,2.0ghz,2.0ghz,1.0
wordcnt,2.0ghz,4.25ghz,0.3516793716607548
wordcnt,2.0ghz,3.25ghz,0.93813717383897
wordcnt,2.0ghz,2.25ghz,0.953582510349677
wordcnt,4.25ghz,1.0ghz,0.07425122834326177
wordcnt,4.25ghz,4.5ghz,0.3516793716607548
wordcnt,4.25ghz,4.0ghz,0.3825931773694824
wordcnt,4.25ghz,1.75ghz,0.8309905299998261
wordcnt,4.25ghz,1.5ghz,0.953582510349677
wordcnt,4.25ghz,2.5ghz,0.26043426893178667
wordcnt,4.25ghz,5.0ghz,0.15105615728737953
wordcnt,4.25ghz,2.75ghz,0.5475147688915105
wordcnt,4.25ghz,3.75ghz,0.17440038915018252
wordcnt,4.25ghz,3.0ghz,0.19360407089423592
wordcnt,4.25ghz,3.5ghz,0.7269006560784503
wordcnt,4.25ghz,1.25ghz,0.6276258050283593
wordcnt,4.25ghz,4.75ghz,0.42631291323985965
wordcnt,4.25ghz,2.0ghz,0.3516793716607548
wordcnt,4.25ghz,4.25ghz,1.0
wordcnt,4.25ghz,3.25ghz,0.6003641276866312
wordcnt,4.25ghz,2.25ghz,0.5605090914385145
wordcnt,3.25ghz,1.0ghz,0.052345063273163205
wordcnt,3.25ghz,4.5ghz,0.18703749337591546
wordcnt,3.25ghz,4.0ghz,0.8919636193705659
wordcnt,3.25ghz,1.75ghz,0.44922293322874407
wordcnt,3.25ghz,1.5ghz,0.6694793348058024
wordcnt,3.25ghz,2.5ghz,0.6836702770203351
wordcnt,3.25ghz,5.0ghz,0.09140202473789936
wordcnt,3.25ghz,2.75ghz,0.3037847253883319
wordcnt,3.25ghz,3.75ghz,0.5869371700692589
wordcnt,3.25ghz,3.0ghz,0.6414528745894932
wordcnt,3.25ghz,3.5ghz,0.8461535661468554
wordcnt,3.25ghz,1.25ghz,0.3516793716607548
wordcnt,3.25ghz,4.75ghz,0.8919636193705659
wordcnt,3.25ghz,2.0ghz,0.93813717383897
wordcnt,3.25ghz,4.25ghz,0.6003641276866312
wordcnt,3.25ghz,3.25ghz,1.0
wordcnt,3.25ghz,2.25ghz,0.8919636193705659
wordcnt,2.25ghz,1.0ghz,0.03788424543573267
wordcnt,2.25ghz,4.5ghz,0.20724211154284822
wordcnt,2.25ghz,4.0ghz,0.7415144763294637
wordcnt,2.25ghz,1.75ghz,0.361803488317166
wordcnt,2.25ghz,1.5ghz,0.5605090914385145
wordcnt,2.25ghz,2.5ghz,0.7123855280840246
wordcnt,2.25ghz,5.0ghz,0.17440038915018252
wordcnt,2.25ghz,2.75ghz,0.2859010589675479
wordcnt,2.25ghz,3.75ghz,0.8158901548607471
wordcnt,2.25ghz,3.0ghz,0.8309905299998261
wordcnt,2.25ghz,3.5ghz,0.7562221220076069
wordcnt,2.25ghz,1.25ghz,0.33197546708273695
wordcnt,2.25ghz,4.75ghz,0.7858989168050492
wordcnt,2.25ghz,2.0ghz,0.953582510349677
wordcnt,2.25ghz,4.25ghz,0.5605090914385145
wordcnt,2.25ghz,3.25ghz,0.8919636193705659
wordcnt,2.25ghz,2.25ghz,1.0
