cgroup_id,pid,start_timestamp,end_timestamp,latency
99748,62109588,49149,4583452744630,4583514854218
99809,58930041,49165,4583647813807,4583706743848
99870,59900230,49184,4583892027350,4583951927580
99931,59921976,49203,4584093313300,4584153235276
99931,65716818,49223,4584307517802,4584373234620
99992,62121987,49241,4584521139270,4584583261257
99992,60332064,49258,4584740225578,4584800557642
99992,59435794,49277,4584954323513,4585013759307
100053,59274879,49295,4585195307455,4585254582334
100053,61241843,49311,4585414365004,4585475606847
100114,60072725,49328,4585629265393,4585689338118
100175,59602622,49346,4585833742981,4585893345603
100236,64315568,49365,4586052853654,4586117169222
100236,60262651,49385,4586252282377,4586312545028
100297,70815655,49405,4586457005256,4586527820911
100358,62769501,49424,4586680823505,4586743593006
100419,66143490,49441,4586910787754,4586976931244
100480,68613223,49456,4587130385233,4587198998456
100541,64119002,49475,4587352713285,4587416832287
100602,64038018,49494,4587558143453,4587622181471
100663,58985676,49515,4587765871146,4587824856822
100724,66464311,49533,4587993553704,4588060018015
100785,60198629,49548,4588219349675,4588279548304
100846,62654151,49565,4588458787139,4588521441290
100907,59914100,49584,4588668500092,4588728414192
